id,db_id,question,gold_sql,reason,revised
135,bbc_channels,Find the id and name of the channel that is not directed by Hank Baskett.,"SELECT t1.name , t1.channel_id FROM channel AS t1 JOIN director_admin AS t2 ON t1.channel_id = t2.channel_id JOIN director AS t3 ON t2.director_id = t3.director_id WHERE t3.name != ""Hank Baskett""","The joins create one row per (channel, director) pair. Filtering with t3.name != 'Hank Baskett' only removes rows where the matched director is Hank, but a channel can still appear through another director row, so the predicate is insufficient.","SELECT c.Channel_ID,   c.Name  FROM channel AS c  WHERE c.Channel_ID NOT IN (   SELECT da.Channel_ID   FROM director_admin AS da   JOIN director AS d ON da.Director_ID = d.Director_ID   WHERE d.Name = 'Hank Baskett'  );"
140,tv_shows,Show the transmitters of radios whose ERP is bigger than 150 or smaller than 30.,SELECT Transmitter FROM radio WHERE ERP_kW > 150 OR ERP_kW < 30,"The column ERP_kW is TEXT. SQLite compares TEXT lexicographically when no casting is done, e.g. '40' > '150' and '100' < '30', leading the annotated query to include transmitters with ERP 40 kW and 100 kW. Casting the column to REAL shows only four correct transmitters (ERP 160 kW, 160 kW, 16 kW, 12.5 kW). Hence the original query is incorrect.",SELECT Transmitter FROM radio WHERE CAST(ERP_kW AS REAL) > 150 OR CAST(ERP_kW AS REAL) < 30;
141,tv_shows,What is the transmitter of the radio with the largest ERP_kW?,SELECT Transmitter FROM radio ORDER BY ERP_kW DESC LIMIT 1,"The annotated query orders by the text column ERP_kW; in lexicographic order ""40"" sorts above ""160"", thus the query returns a 40-kW transmitter instead of the correct 160-kW ones. Casting to REAL shows the true maximum (160) and that there are two rows (Maghera, Mullaghanish).",SELECT Transmitter  FROM radio  WHERE CAST(ERP_kW AS REAL) = (   SELECT MAX(CAST(ERP_kW AS REAL)) FROM radio  );
148,tv_shows,Show the transmitters of radios and the station names of the channels they are associated with in descending order of the ERP of the radios.,"SELECT T3.Transmitter , T2.Station_name FROM city_channel_radio AS T1 JOIN city_channel AS T2 ON T1.City_channel_ID = T2.ID JOIN radio AS T3 ON T1.Radio_ID = T3.Radio_ID ORDER BY T3.ERP_kW DESC","The query retrieves the right columns (Transmitter, Station_name) and joins the proper tables, but it orders by ERP_kW, which is stored as TEXT. Using simple ORDER BY T3.ERP_kW DESC therefore applies lexicographic ordering, producing '40' before '160' and thus breaking the requested “descending order of the ERP of the radios”. Numeric casting is necessary.","SELECT T3.Transmitter,   T2.Station_name  FROM city_channel_radio AS T1  JOIN city_channel AS T2 ON T1.City_channel_ID = T2.ID  JOIN radio AS T3 ON T1.Radio_ID = T3.Radio_ID  ORDER BY CAST(T3.ERP_kW AS REAL) DESC;"
160,vehicle_driver,Return the id of the vehicle that has been driven the fewest times.,SELECT vehicle_id FROM vehicle_driver GROUP BY vehicle_id ORDER BY count(*) ASC LIMIT 1,"The question asks for the vehicle id that has been driven the fewest times, which requires considering all vehicles, including those never driven. The annotated query only examines vehicle_driver, excluding vehicles with zero drives.",SELECT v.Vehicle_ID  FROM vehicle AS v  LEFT JOIN vehicle_driver AS vd ON v.Vehicle_ID = vd.Vehicle_ID  GROUP BY v.Vehicle_ID  ORDER BY COUNT(vd.Driver_ID) ASC  LIMIT 1;
173,vehicle_driver,Which car models have total production larger than 100 or top speed higher than 150?,SELECT model FROM vehicle WHERE total_production > 100 OR top_speed > 150,"The query compares the TEXT column Total_Production directly with the numeric literal 100. In SQLite that comparison is performed lexicographically, so values such as '20', '3', '50', etc. are considered greater than '100'. Consequently the query returns models (e.g. 'DJ1') whose real production is below 100, giving a wrong answer. Casting the column to INTEGER (or storing it as a numeric type) is required.",SELECT DISTINCT Model  FROM vehicle  WHERE CAST(Total_Production AS INTEGER) > 100   OR Top_Speed > 150;
174,vehicle_driver,Give the models of cars that have a total production of over 100 or a top speed over 150.,SELECT model FROM vehicle WHERE total_production > 100 OR top_speed > 150,"The query compares the TEXT column Total_Production directly with the numeric literal 100. In SQLite that comparison is performed lexicographically, so values such as '20', '3', '50', etc. are considered greater than '100'. Consequently the query returns models (e.g. 'DJ1') whose real production is below 100, giving a wrong answer. Casting the column to INTEGER (or storing it as a numeric type) is required.",SELECT DISTINCT Model  FROM vehicle  WHERE CAST(Total_Production AS INTEGER) > 100   OR Top_Speed > 150;
179,vehicle_driver,What are the vehicle ids and models of the vehicle which have been driven by two drivers or been manufactured by 'Ziyang'.,"SELECT T1.vehicle_id , T1.model FROM vehicle AS T1 JOIN vehicle_driver AS T2 ON T1.vehicle_id = T2.vehicle_id GROUP BY T2.vehicle_id HAVING count(*) = 2 OR T1.builder = 'Ziyang'","1. Inner-join flaw – By starting with an INNER JOIN to vehicle_driver, every output row requires at least one matching driver record. Vehicles manufactured by ‘Ziyang’ that have never been driven will therefore disappear, although the question asks to include them.     2. Ambiguous counting – The English phrase “driven by two drivers” can mean “exactly two” or “at least two”. The annotated query picks “exactly two” (COUNT(*) = 2). Because the question wording does not make this clear, multiple interpretations are possible.","SELECT v.Vehicle_ID, v.Model  FROM vehicle v  WHERE v.Builder = 'Ziyang'  UNION  SELECT v.Vehicle_ID, v.Model  FROM vehicle v  JOIN vehicle_driver vd ON v.Vehicle_ID = vd.Vehicle_ID  GROUP BY v.Vehicle_ID, v.Model  HAVING COUNT(DISTINCT vd.Driver_ID) = 2;"
180,vehicle_driver,Return the ids and models of vehicles that have been driven by exactly two drivers or built by Ziyang.,"SELECT T1.vehicle_id , T1.model FROM vehicle AS T1 JOIN vehicle_driver AS T2 ON T1.vehicle_id = T2.vehicle_id GROUP BY T2.vehicle_id HAVING count(*) = 2 OR T1.builder = 'Ziyang'",The query keeps only vehicles that have at least one row in vehicle_driver (because of INNER JOIN). Therefore a vehicle whose Builder is ‘Ziyang’ but that has never been driven is lost.,"SELECT v.Vehicle_ID,   v.Model  FROM vehicle AS v  LEFT JOIN vehicle_driver AS vd   ON v.Vehicle_ID = vd.Vehicle_ID  GROUP BY v.Vehicle_ID  HAVING COUNT(DISTINCT vd.Driver_ID) = 2   OR v.Builder = 'Ziyang';"
279,customers_and_orders,Show all customer names with the payment method code used by least number of customers.,SELECT customer_name FROM Customers WHERE payment_method_code = ( SELECT payment_method_code FROM Customers GROUP BY payment_method_code ORDER BY count(*) ASC LIMIT 1),1. Should project both customer_name and payment_method_code.,"SELECT customer_name, payment_method_code  FROM Customers  WHERE payment_method_code IN (   SELECT payment_method_code   FROM Customers   GROUP BY payment_method_code   HAVING COUNT(*) = (   SELECT MIN(cnt)   FROM (   SELECT COUNT(*) AS cnt   FROM Customers   GROUP BY payment_method_code   )   )  );"
293,customers_and_orders,"Show all customer names, ids and the number of orders by each customer.","SELECT T2.customer_name , T1.customer_id , count(*) FROM Customer_orders AS T1 JOIN Customers AS T2 ON T1.customer_id = T2.customer_id GROUP BY T1.customer_id","The query counts orders only for customers that appear in Customer_Orders because it uses an INNER JOIN. Customers who have placed no orders (e.g. customer_id = 2 ""Edmond"") are omitted, so the result set is incomplete with respect to “each customer”. A LEFT JOIN from Customers to Customer_Orders is required.","SELECT C.customer_name,   C.customer_id,   COUNT(O.order_id) AS num_orders  FROM Customers C  LEFT JOIN Customer_Orders O ON C.customer_id = O.customer_id  GROUP BY C.customer_id, C.customer_name;"
294,customers_and_orders,"What are the names, ids, and number of orders made for each customer?","SELECT T2.customer_name , T1.customer_id , count(*) FROM Customer_orders AS T1 JOIN Customers AS T2 ON T1.customer_id = T2.customer_id GROUP BY T1.customer_id","The query counts orders by doing an inner join between Customers and Customer_Orders, therefore it returns only customers who have at least one order (10 rows) and omits those with zero orders (5 rows). The question asks for the number of orders ""for each customer"", which requires including even those with zero orders. Hence the query is incomplete. A left join is needed.","SELECT c.customer_name, c.customer_id, COUNT(o.order_id) AS order_count  FROM Customers c  LEFT JOIN Customer_Orders o ON o.customer_id = c.customer_id  GROUP BY c.customer_id, c.customer_name;"
313,customers_and_orders,Show all the order dates and ids of the orders with quantity of any product larger than 6 or with more than 3 products.,"SELECT T1.order_date , T1.order_id FROM Customer_Orders AS T1 JOIN Order_items AS T2 ON T1.order_id = T2.order_id WHERE T2.order_quantity > 6 UNION SELECT T1.order_date , T1.order_id FROM Customer_Orders AS T1 JOIN Order_items AS T2 ON T1.order_id = T2.order_id GROUP BY T1.order_id HAVING count(*) > 3;","1. order_quantity is stored as VARCHAR. The query compares it to the number 6 without casting, so the comparison is lexicographic. Quantities such as '10', '12' etc. would not satisfy order_quantity > 6, causing valid orders to be omitted.  2. The second branch measures the size of an order with COUNT(*), which counts rows, not distinct products. If an order lists the same product multiple times it can be over-counted, and an order with >3 rows but ≤3 distinct products would erroneously qualify. The requirement is COUNT(DISTINCT product_id) > 3.","WITH qty_cond AS (   SELECT DISTINCT order_id   FROM Order_Items   WHERE CAST(order_quantity AS INTEGER) > 6  ),  prod_cnt_cond AS (   SELECT order_id   FROM Order_Items   GROUP BY order_id   HAVING COUNT(DISTINCT product_id) > 3  )  SELECT co.order_date,   co.order_id  FROM Customer_Orders AS co  WHERE co.order_id IN (SELECT * FROM qty_cond   UNION   SELECT * FROM prod_cnt_cond)  ORDER BY co.order_id;"
314,customers_and_orders,What are the order ids and corresponding order dates for orders with a quantity greater than 6 or consisting of more than 3 products?,"SELECT T1.order_date , T1.order_id FROM Customer_Orders AS T1 JOIN Order_items AS T2 ON T1.order_id = T2.order_id WHERE T2.order_quantity > 6 UNION SELECT T1.order_date , T1.order_id FROM Customer_Orders AS T1 JOIN Order_items AS T2 ON T1.order_id = T2.order_id GROUP BY T1.order_id HAVING count(*) > 3;","1. order_quantity is stored as VARCHAR. The query compares it to the number 6 without casting, so the comparison is lexicographic. Quantities such as '10', '12' etc. would not satisfy order_quantity > 6, causing valid orders to be omitted.  2. The second branch measures the size of an order with COUNT(*), which counts rows, not distinct products. If an order lists the same product multiple times it can be over-counted, and an order with >3 rows but ≤3 distinct products would erroneously qualify. The requirement is COUNT(DISTINCT product_id) > 3.","SELECT c.order_id,   c.order_date  FROM Customer_Orders c  JOIN (   SELECT order_id,   SUM(CAST(order_quantity AS INTEGER)) AS total_qty,   COUNT(DISTINCT product_id) AS num_products   FROM Order_Items   GROUP BY order_id   ) oi ON c.order_id = oi.order_id  WHERE oi.total_qty > 6   OR oi.num_products > 3;"
330,region_building,Which region has the largest population? Give me the capital of the region.,SELECT Capital FROM region ORDER BY Population DESC LIMIT 1,"returns only the capital, so it fails to present the region name.","SELECT Name, Capital  FROM region  WHERE Population = (SELECT MAX(Population) FROM region);"
340,region_building,"For each building, return the address of the building and the name of the region it belongs to.","SELECT T1.Address , T2.Capital FROM building AS T1 JOIN region AS T2 ON T1.Region_ID = T2.Region_ID","The question asks for each building’s address and the NAME of the region it belongs to (column Name in table region). The annotated query joins the correct tables but projects T2.Capital, which is the capital city of the region, not the region’s name.","SELECT b.Address, r.Name  FROM building AS b  JOIN region AS r ON b.Region_ID = r.Region_ID;"
371,government_shift,Find the details of the customers who have used the least-used service .,select distinct t1.customer_details from customers as t1 join customers_and_services as t2 on t1.customer_id = t2.customer_id where t2.service_id = (select service_id from services group by service_id order by count(*) asc limit 1),"The “least-used” concept must be derived from a usage table (Customers_and_Services or Customer_Interactions). Grouping the Services table cannot reveal usage frequency. The correct approach is to ① count how many rows each Service_ID has in a usage table, ② find the minimum of those counts, and ③ list customers linked to the service(s) with that minimum. The submitted query performs none of these steps and is therefore wrong.",SELECT DISTINCT c.Customer_Details  FROM Customers AS c  JOIN Customers_and_Services AS cs ON c.Customer_ID = cs.Customer_ID  WHERE cs.Service_ID IN (   SELECT cs2.Service_ID   FROM Customers_and_Services cs2   GROUP BY cs2.Service_ID   HAVING COUNT(*) = (   SELECT MIN(cnt)   FROM (   SELECT COUNT(*) AS cnt   FROM Customers_and_Services   GROUP BY Service_ID   )   )  );
372,government_shift,Which customers used the least commonly-used service ? Give me the distinct customer details .,select distinct t1.customer_details from customers as t1 join customers_and_services as t2 on t1.customer_id = t2.customer_id where t2.service_id = (select service_id from services group by service_id order by count(*) asc limit 1),"The least-used service must be derived from a table that records service usage (Customers_and_Services or Customer_Interactions). Grouping the Services catalogue yields the same count for every service, so the subquery fails. It also ignores ties. All referenced columns exist but the logic is incorrect.","WITH service_counts AS (   SELECT Service_ID, COUNT(*) AS cnt   FROM Customers_and_Services   GROUP BY Service_ID  ),  least_services AS (   SELECT Service_ID   FROM service_counts   WHERE cnt = (SELECT MIN(cnt) FROM service_counts)  )  SELECT DISTINCT c.Customer_Details  FROM Customers c  JOIN Customers_and_Services cs ON c.Customer_ID = cs.Customer_ID  JOIN least_services ls ON cs.Service_ID = ls.Service_ID;"
387,government_shift,List the details of all the customers who are associated with a failed integration platform .,"select distinct t1.customer_details from customers as t1 join customer_interactions as t2 on t1.customer_id = t2.customer_id join integration_platform as t3 where t3.integration_platform_details = ""fail""","Case-sensitivity 1. Intended logic: Customers → Customer_Interactions (via Customer_ID) → Integration_Platform (via Customer_Interaction_ID) → filter Integration_Platform_Details = 'Fail'.  2. Annotated query joins Customers to Customer_Interactions, but then adds JOIN integration_platform AS t3 without an ON clause, creating a cartesian product.  3. The WHERE filter is applied after the cartesian product, so customers with no failed integration can still appear as long as some other interaction anywhere has a 'Fail' record.  4. Therefore the query is logically wrong.",SELECT DISTINCT   c.Customer_Details  FROM Customers AS c  JOIN Customer_Interactions AS ci ON ci.Customer_ID = c.Customer_ID  JOIN Integration_Platform AS ip ON ip.Customer_Interaction_ID = ci.Customer_Interaction_ID  WHERE ip.Integration_Platform_Details = 'Fail';
388,government_shift,"Which customers have integration platform details ""Fail"" in interactions? Give me the customer details.","SELECT DISTINCT t1.customer_details FROM customers AS t1 JOIN customer_interactions AS t2 ON t1.customer_id = t2.customer_id JOIN integration_platform AS t3 WHERE t3.integration_platform_details = ""Fail""","1. Intended logic: Customers → Customer_Interactions (via Customer_ID) → Integration_Platform (via Customer_Interaction_ID) → filter Integration_Platform_Details = 'Fail'.  2. Annotated query joins Customers to Customer_Interactions, but then adds JOIN integration_platform AS t3 without an ON clause, creating a cartesian product.  3. The WHERE filter is applied after the cartesian product, so customers with no failed integration can still appear as long as some other interaction anywhere has a 'Fail' record.  4. Therefore the query is logically wrong.",SELECT DISTINCT   c.Customer_Details  FROM Customers AS c  JOIN Customer_Interactions AS ci ON ci.Customer_ID = c.Customer_ID  JOIN Integration_Platform AS ip ON ip.Customer_Interaction_ID = ci.Customer_Interaction_ID  WHERE ip.Integration_Platform_Details = 'Fail';
393,government_shift,Find details of all the services that have been marked as `` unsatisfied '' in customers and services details .,"select distinct t1.service_details from services as t1 join customers_and_services as t2 on t1.service_id = t2.service_id where t2.customers_and_services_details = ""unsatisfied""","The query joins the correct tables and filters on the status column, but it compares against the literal string ""unsatisfied"" (all-lower-case). In the data the value is stored as ""Unsatisfied"" (capital U), and SQLite comparisons are case-sensitive by default, so the annotated query returns zero rows and fails to answer the question.",SELECT DISTINCT s.Service_Details  FROM Services AS s  JOIN Customers_and_Services AS cs   ON s.Service_ID = cs.Service_ID  WHERE cs.Customers_and_Services_Details = 'Unsatisfied';
405,vehicle_rent,Show all types of powertrain and the number of vehicles in each type.,"SELECT type_of_powertrain , count(*) FROM vehicles GROUP BY type_of_powertrain",The query groups by the raw text that appears in Type_of_powertrain. In the data this column contains the same category written with different capitalisation (e.g. “Electric” and “electric”). The annotated query therefore returns two separate rows for what is logically the same power-train type and reports incorrect counts.,"SELECT LOWER(Type_of_powertrain) AS powertrain,   COUNT(*) AS num_vehicles  FROM Vehicles  GROUP BY powertrain;"
406,vehicle_rent,How many vehicles have each type of powertrain?,"SELECT type_of_powertrain , count(*) FROM vehicles GROUP BY type_of_powertrain",The query groups by the raw text that appears in Type_of_powertrain. In the data this column contains the same category written with different capitalisation (e.g. “Electric” and “electric”). The annotated query therefore returns two separate rows for what is logically the same power-train type and reports incorrect counts.,"SELECT LOWER(Type_of_powertrain) AS powertrain,   COUNT(*) AS num_vehicles  FROM Vehicles  GROUP BY powertrain;"
423,vehicle_rent,Show the name and total hours of renting for each vehicle.,"SELECT T2.name , sum(T1.total_hours) FROM renting_history AS T1 JOIN vehicles AS T2 ON T1.vehicles_id = T2.id GROUP BY T2.id","However, the wording “for each vehicle” could imply that vehicles with zero rentals should also appear (with 0 hours). The current INNER JOIN excludes such vehicles. Because the question does not clarify whether those should be included, the requirement is ambiguous, but the query itself is logically sound for one reasonable interpretation.","SELECT V.name, COALESCE(SUM(R.total_hours), 0) AS total_hours  FROM Vehicles AS V  LEFT JOIN Renting_history AS R ON V.id = R.vehicles_id  GROUP BY V.id;"
424,vehicle_rent,What are the names and total rental hours for each vehicle?,"SELECT T2.name , sum(T1.total_hours) FROM renting_history AS T1 JOIN vehicles AS T2 ON T1.vehicles_id = T2.id GROUP BY T2.id","The query correctly joins Renting_history with Vehicles and sums total_hours, but because it uses an INNER JOIN it omits any vehicle that has never been rented. The current database contains at least one such vehicle (Ford Focus Electric), so the result set is incomplete when the phrase “for each vehicle” is taken literally to mean every row in Vehicles.","SELECT V.name,   COALESCE(SUM(R.total_hours), 0) AS total_rental_hours  FROM Vehicles V  LEFT JOIN Renting_history R ON R.vehicles_id = V.id  GROUP BY V.id;"
433,vehicle_rent,What is the discount name with most number of renting history records?,SELECT T2.name FROM renting_history AS T1 JOIN discount AS T2 ON T1.discount_id = T2.id GROUP BY T2.id ORDER BY count(*) DESC LIMIT 1,"Ambiguity arises because the question (and consequently the query with LIMIT 1) assumes there is a single discount with the highest count. If two or more discounts tie for the maximum frequency, SQLite will return an arbitrary one, making the result non-deterministic. The question does not specify a tie-breaking rule or whether all tied discounts should be returned, hence it is ambiguous.",SELECT T2.name  FROM Renting_history T1  JOIN Discount T2 ON T1.discount_id = T2.id  GROUP BY T2.id  HAVING COUNT(*) = (   SELECT MAX(cnt)   FROM (   SELECT COUNT(*) AS cnt   FROM Renting_history   GROUP BY discount_id   )  )  ORDER BY T2.name;
434,vehicle_rent,Return the name of the discount that corresponds to the most rental history records.,SELECT T2.name FROM renting_history AS T1 JOIN discount AS T2 ON T1.discount_id = T2.id GROUP BY T2.id ORDER BY count(*) DESC LIMIT 1,"Ambiguity arises because the question (and consequently the query with LIMIT 1) assumes there is a single discount with the highest count. If two or more discounts tie for the maximum frequency, SQLite will return an arbitrary one, making the result non-deterministic. The question does not specify a tie-breaking rule or whether all tied discounts should be returned, hence it is ambiguous.",SELECT T2.name  FROM Renting_history T1  JOIN Discount T2 ON T1.discount_id = T2.id  GROUP BY T2.id  HAVING COUNT(*) = (   SELECT MAX(cnt)   FROM (   SELECT COUNT(*) AS cnt   FROM Renting_history   GROUP BY discount_id   )  )  ORDER BY T2.name;
441,cre_Students_Information_Systems,List the biographical data and student id for the students who take 2 or more classes and the students who have less than 2 detentions.,"SELECT T1.bio_data , T1.student_id FROM Students AS T1 JOIN Classes AS T2 ON T1.student_id = T2.student_id GROUP BY T1.student_id HAVING count(*) >= 2 UNION SELECT T1.bio_data , T1.student_id FROM Students AS T1 JOIN Detention AS T2 ON T1.student_id = T2.student_id GROUP BY T1.student_id HAVING count(*) < 2","The first sub-query (Students→Classes) correctly returns students enrolled in at least two classes. The second sub-query counts detentions only for students that appear in the Detention table, so the GROUP BY … HAVING COUNT(*) < 2 returns only students with exactly one detention, omitting those with none.","WITH class_counts AS (   SELECT student_id, COUNT(*) AS class_cnt   FROM Classes   GROUP BY student_id  ),   det_counts AS (   SELECT student_id, COUNT(*) AS det_cnt   FROM Detention   GROUP BY student_id  )  SELECT s.bio_data, s.student_id  FROM Students s  LEFT JOIN class_counts cc ON cc.student_id = s.student_id  LEFT JOIN det_counts dc ON dc.student_id = s.student_id  WHERE COALESCE(cc.class_cnt,0) >= 2   OR COALESCE(dc.det_cnt,0) < 2;"
442,cre_Students_Information_Systems,What are the biographical data and student id of the students who either took two or more classes and or have less than two detentions?,"SELECT T1.bio_data , T1.student_id FROM Students AS T1 JOIN Classes AS T2 ON T1.student_id = T2.student_id GROUP BY T1.student_id HAVING count(*) >= 2 UNION SELECT T1.bio_data , T1.student_id FROM Students AS T1 JOIN Detention AS T2 ON T1.student_id = T2.student_id GROUP BY T1.student_id HAVING count(*) < 2","The query tries to obtain students who satisfy either of two conditions: (1) at least two classes, (2) fewer than two detentions.   - For the class-count branch the INNER JOIN with Classes and HAVING COUNT(*) >= 2 is correct.  - For the detention branch the INNER JOIN with Detention and HAVING COUNT(*) < 2 is wrong because an INNER JOIN only returns students that have at least one detention row. Students with zero detentions (which clearly satisfy “< 2 detentions”) will never appear, so the answer set is incomplete.  - The UNION part therefore does not repair the error; the result misses all 0-detention students. All referenced tables/columns are valid, but the logic is wrong.","SELECT s.bio_data, s.student_id  FROM Students s  LEFT JOIN (SELECT student_id, COUNT(*) AS num_classes   FROM Classes   GROUP BY student_id) c ON s.student_id = c.student_id  LEFT JOIN (SELECT student_id, COUNT(*) AS num_detentions   FROM Detention   GROUP BY student_id) d ON s.student_id = d.student_id  WHERE COALESCE(c.num_classes,0) >= 2   OR COALESCE(d.num_detentions,0) < 2;"
453,cre_Students_Information_Systems,List the personal details and the address type descriptions of all the students.,"SELECT DISTINCT T1.student_details , T3.address_type_description FROM Students AS T1 JOIN Students_Addresses AS T2 ON T1.student_id = T2.student_id JOIN Ref_Address_Types AS T3 ON T2.address_type_code = T3.address_type_code","The intent is to return one row per (student, address-type) combination (or NULL when none) for every student. The annotated query:  • selects student_details, which might or might not be what the question means.  • INNER JOINs Students → Students_Addresses → Ref_Address_Types; therefore any student without an address record is lost.","SELECT S.student_details,   R.address_type_description  FROM Students AS S  LEFT JOIN Students_Addresses AS SA ON SA.student_id = S.student_id  LEFT JOIN Ref_Address_Types AS R ON R.address_type_code = SA.address_type_code;"
454,cre_Students_Information_Systems,What are the personal details and the address type descriptions of each student?,"SELECT DISTINCT T1.student_details , T3.address_type_description FROM Students AS T1 JOIN Students_Addresses AS T2 ON T1.student_id = T2.student_id JOIN Ref_Address_Types AS T3 ON T2.address_type_code = T3.address_type_code","The annotated query performs INNER JOINs between Students, Students_Addresses, and Ref_Address_Types. This means only students that possess at least one address record are returned, whereas the wording “each student” implies that every student should appear even if the address-type information is missing; therefore a LEFT JOIN from Students is required. In addition, the question asks for a student’s “personal details,” but the schema contains two plausible columns—student_details and bio_data.","SELECT s.student_details,   rat.address_type_description  FROM Students AS s  LEFT JOIN Students_Addresses AS sa   ON sa.student_id = s.student_id  LEFT JOIN Ref_Address_Types AS rat   ON rat.address_type_code = sa.address_type_code  ORDER BY s.student_id;"
456,cre_Students_Information_Systems,What are the address details and biographical information of each student?,"SELECT T1.address_details , T3.bio_data FROM Addresses AS T1 JOIN Students_Addresses AS T2 ON T1.address_id = T2.address_id JOIN Students AS T3 ON T2.student_id = T3.student_id","The question asks for the address details together with the biographical information of **each** student.   • “Each student” means the result set must include all students that exist in the Students table, even those for whom no address has been recorded.   • The annotated query begins with the Addresses table and uses only INNER JOINs. Any student who lacks a related row in Students_Addresses / Addresses will therefore be dropped from the result, so the requirement is not fulfilled.","SELECT    a.address_details,     s.bio_data  FROM Students AS s  LEFT JOIN Students_Addresses AS sa   ON s.student_id = sa.student_id  LEFT JOIN Addresses AS a   ON sa.address_id = a.address_id;"
457,cre_Students_Information_Systems,List the biographical data and the date of the transcript of all the students.,"SELECT T1.bio_data , T2.date_of_transcript FROM Students AS T1 JOIN Transcripts AS T2 ON T1.student_id = T2.student_id","The annotated query performs an INNER JOIN between Students and Transcripts, so any student who lacks a transcript row is excluded, contradicting the requirement ""all the students"".","SELECT s.bio_data,   t.date_of_transcript  FROM Students AS s  LEFT JOIN Transcripts AS t   ON s.student_id = t.student_id;"
458,cre_Students_Information_Systems,What are the biographical data and the date of transcript issuance of each student?,"SELECT T1.bio_data , T2.date_of_transcript FROM Students AS T1 JOIN Transcripts AS T2 ON T1.student_id = T2.student_id","The question asks for the biographical data and the transcript-issuance date “of each student”. The supplied query uses an INNER JOIN, which returns only those students who actually have at least one row in the Transcripts table; any student without a transcript will be omitted, so the requirement of “each student” is not met.","SELECT s.bio_data,   t.date_of_transcript  FROM Students AS s  LEFT JOIN Transcripts AS t   ON s.student_id = t.student_id;"
459,cre_Students_Information_Systems,How many students got the most common result in the behavioral monitoring details? Also list the result details.,"SELECT count(DISTINCT student_id) , behaviour_monitoring_details FROM Behaviour_Monitoring GROUP BY behaviour_monitoring_details ORDER BY count(*) DESC LIMIT 1","Ambiguity arises because “most common” could just as reasonably be interpreted as the detail that applies to the largest number of different students, in which case the ordering should be by count(DISTINCT student_id) instead of count(*).","SELECT count(DISTINCT student_id) , behaviour_monitoring_details  FROM Behaviour_Monitoring GROUP BY behaviour_monitoring_details ORDER BY count(DISTINCT student_id) DESC LIMIT 1"
460,cre_Students_Information_Systems,Find the most common result in the behavioral monitoring details. What are the count and the details of this result?,"SELECT count(DISTINCT student_id) , behaviour_monitoring_details FROM Behaviour_Monitoring GROUP BY behaviour_monitoring_details ORDER BY count(*) DESC LIMIT 1","The question asks for the value in Behaviour_Monitoring.behaviour_monitoring_details that appears most frequently, along with the number of occurrences (row count).   The annotated query ranks the details by raw row frequency (ORDER BY COUNT(*) DESC), so it will select the correct detail value, but it outputs COUNT(DISTINCT student_id), which measures how many different students generated that detail, not the total number of rows.","SELECT COUNT(*) AS result_count,   behaviour_monitoring_details  FROM Behaviour_Monitoring  GROUP BY behaviour_monitoring_details  ORDER BY result_count DESC  LIMIT 1;"
461,cre_Students_Information_Systems,Which students not only got the most common result but also got a result obtained by 3 students in behaviour monitoring? List the student's biographical data and details.,"SELECT T1.bio_data , T1.student_details FROM Students AS T1 JOIN Behaviour_Monitoring AS T2 ON T1.student_id = T2.student_id WHERE T2.behaviour_monitoring_details IN ( SELECT behaviour_monitoring_details FROM Behaviour_Monitoring GROUP BY behaviour_monitoring_details ORDER BY count(*) DESC LIMIT 1 ) INTERSECT SELECT T1.bio_data , T1.student_details FROM Students AS T1 JOIN Behaviour_Monitoring AS T2 ON T1.student_id = T2.student_id WHERE T2.behaviour_monitoring_details IN ( SELECT behaviour_monitoring_details FROM Behaviour_Monitoring GROUP BY behaviour_monitoring_details HAVING count(*) = 3 )","Both sub-queries use COUNT(*) on the Behaviour_Monitoring table. The requirement speaks about “students”, therefore the count should be on DISTINCT student_id. If a student has several rows with the same detail, the row count will overstate the number of students and the query will pick/skip details incorrectly.","WITH bm AS (   SELECT behaviour_monitoring_details,   COUNT(DISTINCT student_id) AS stu_cnt   FROM Behaviour_Monitoring   GROUP BY behaviour_monitoring_details  ),  most_common AS (   SELECT behaviour_monitoring_details   FROM bm   WHERE stu_cnt = (SELECT MAX(stu_cnt) FROM bm) -- keep all ties  ),  exact3 AS (   SELECT behaviour_monitoring_details   FROM bm   WHERE stu_cnt = 3  ),  stu_most AS (   SELECT DISTINCT student_id   FROM Behaviour_Monitoring   WHERE behaviour_monitoring_details IN (SELECT behaviour_monitoring_details FROM most_common)  ),  stu_exact3 AS (   SELECT DISTINCT student_id   FROM Behaviour_Monitoring   WHERE behaviour_monitoring_details IN (SELECT behaviour_monitoring_details FROM exact3)  )  SELECT s.bio_data,   s.student_details  FROM Students s  WHERE s.student_id IN (SELECT student_id FROM stu_most)   AND s.student_id IN (SELECT student_id FROM stu_exact3);"
462,cre_Students_Information_Systems,Find the biographical data and details of students who got not only the most common result but also a result that is obtained by 3 students in behaviour monitoring.,"SELECT T1.bio_data , T1.student_details FROM Students AS T1 JOIN Behaviour_Monitoring AS T2 ON T1.student_id = T2.student_id WHERE T2.behaviour_monitoring_details IN ( SELECT behaviour_monitoring_details FROM Behaviour_Monitoring GROUP BY behaviour_monitoring_details ORDER BY count(*) DESC LIMIT 1 ) INTERSECT SELECT T1.bio_data , T1.student_details FROM Students AS T1 JOIN Behaviour_Monitoring AS T2 ON T1.student_id = T2.student_id WHERE T2.behaviour_monitoring_details IN ( SELECT behaviour_monitoring_details FROM Behaviour_Monitoring GROUP BY behaviour_monitoring_details HAVING count(*) = 3 )","The two subqueries use COUNT(*) which counts rows, not DISTINCT students. One student receiving the same result three times would satisfy the ""=3"" test even though it was obtained by only one student.","WITH counts AS (   SELECT behaviour_monitoring_details,   COUNT(DISTINCT student_id) AS student_cnt   FROM Behaviour_Monitoring   GROUP BY behaviour_monitoring_details  ),  most_common AS (   SELECT behaviour_monitoring_details   FROM counts   WHERE student_cnt = (SELECT MAX(student_cnt) FROM counts)  ),  exact_three AS (   SELECT behaviour_monitoring_details   FROM counts   WHERE student_cnt = 3  ),  stu_most AS (   SELECT DISTINCT student_id   FROM Behaviour_Monitoring   WHERE behaviour_monitoring_details IN (SELECT behaviour_monitoring_details FROM most_common)  ),  stu_three AS (   SELECT DISTINCT student_id   FROM Behaviour_Monitoring   WHERE behaviour_monitoring_details IN (SELECT behaviour_monitoring_details FROM exact_three)  )  SELECT s.bio_data, s.student_details  FROM Students s  WHERE s.student_id IN (SELECT student_id FROM stu_most)   AND s.student_id IN (SELECT student_id FROM stu_three);"
481,cre_Students_Information_Systems,List the details for all the pairs of teachers and students who are in the same class.,"SELECT T1.teacher_details , T3.student_details FROM Teachers AS T1 JOIN Classes AS T2 ON T1.teacher_id = T2.teacher_id JOIN Students AS T3 ON T2.student_id = T3.student_id",distinct,"SELECT DISTINCT   T1.teacher_details,   T3.student_details  FROM Teachers AS T1  JOIN Classes AS C ON C.teacher_id = T1.teacher_id  JOIN Students AS T3 ON T3.student_id = C.student_id;"
482,cre_Students_Information_Systems,What are the pairs of teachers and students who are in the same class? Give me the pairs of their details.,"SELECT T1.teacher_details , T3.student_details FROM Teachers AS T1 JOIN Classes AS T2 ON T1.teacher_id = T2.teacher_id JOIN Students AS T3 ON T2.student_id = T3.student_id","The annotated query joins Teachers → Classes → Students, so the columns chosen are the right ones. However it outputs one row per Classes record. When the same teacher teaches the same student in more than one class, the pair is repeated. The question speaks of “pairs” (plural) rather than “rows”, so the natural interpretation is to list each teacher-student pair once. Because duplicates actually exist in the data (e.g. ‘Beverly’ / ‘Suite 303’ appears twice), the query gives extra rows and therefore does not strictly answer the question.","SELECT DISTINCT   T1.teacher_details,   T3.student_details  FROM Teachers AS T1  JOIN Classes AS C ON C.teacher_id = T1.teacher_id  JOIN Students AS T3 ON T3.student_id = C.student_id;"
484,cre_Students_Information_Systems,Which teacher teaches the most courses? Give me the id of the teacher and the number of courses he or she teaches.,"SELECT count(*) , teacher_id FROM Classes GROUP BY teacher_id ORDER BY count(*) DESC LIMIT 1","several teachers share the same maximum number of courses (which the data show – teachers 274, 252, 234 all teach 3 courses), LIMIT 1 will return only one arbitrarily.","SELECT teacher_id,   COUNT(*) AS course_count  FROM Classes  GROUP BY teacher_id  HAVING course_count = (   SELECT MAX(cnt)   FROM (   SELECT COUNT(*) AS cnt   FROM Classes   GROUP BY teacher_id   )  );"
485,cre_Students_Information_Systems,How many courses do students take at most? Also find the id of the student who takes the most courses.,"SELECT count(*) , student_id FROM Classes GROUP BY student_id ORDER BY count(*) DESC LIMIT 1","several teachers share the same maximum number of courses (which the data show – teachers 274, 252, 234 all teach 3 courses), LIMIT 1 will return only one arbitrarily.","SELECT teacher_id,   COUNT(*) AS course_count  FROM Classes  GROUP BY teacher_id  HAVING course_count = (   SELECT MAX(cnt)   FROM (   SELECT COUNT(*) AS cnt   FROM Classes   GROUP BY teacher_id   )  );"
491,cre_Students_Information_Systems,Which students have a student loan more than the average amount? List the students' biographical data and the details.,"SELECT T1.bio_data , T1.student_details FROM Students AS T1 JOIN Student_Loans AS T2 ON T1.student_id = T2.student_id WHERE T2.amount_of_loan > ( SELECT avg(amount_of_loan) FROM Student_Loans )","Because Student_Loans may have several qualifying rows for the same student, the current query outputs one row per qualifying loan, not one row per student, contradicting the “Which students” wording. Adding DISTINCT on the student columns (or grouping by student_id) removes duplicates and satisfies the requirement.","SELECT DISTINCT   S.bio_data,   S.student_details  FROM Students AS S  JOIN Student_Loans AS L   ON S.student_id = L.student_id  WHERE L.amount_of_loan >   (SELECT AVG(amount_of_loan) FROM Student_Loans);"
498,cre_Students_Information_Systems,What is the transcript issuance date for the student with the largest amount of loan?,SELECT T1.date_of_transcript FROM Transcripts AS T1 JOIN Student_Loans AS T2 ON T1.student_id = T2.student_id ORDER BY T2.amount_of_loan DESC LIMIT 1,"the student with the largest single loan has more than one transcript (or more than one loan), the join produces several indistinguishable rows and the query will return an arbitrary transcript date, not a deterministically chosen one.",SELECT date_of_transcript  FROM Transcripts  WHERE student_id = (   SELECT student_id   FROM Student_Loans   ORDER BY amount_of_loan DESC   LIMIT 1  )
501,cre_Students_Information_Systems,How much total loan does each student have ? List the student ids and the amounts .,"select student_id , sum(amount_of_loan) from student_loans group by student_id","the phrase ""each student"" can also reasonably be read to mean every student listed in Students, including those who have never borrowed money. In that interpretation a LEFT JOIN from Students to Student_Loans with a COALESCE-to-0 would be required. Because both readings are plausible, the question is ambiguous.","SELECT s.student_id,   COALESCE(SUM(sl.amount_of_loan), 0) AS total_loan  FROM Students s  LEFT JOIN Student_Loans sl   ON s.student_id = sl.student_id  GROUP BY s.student_id;"
502,cre_Students_Information_Systems,"For each student, find the student id and the total amount of loan he or she has.","SELECT student_id , sum(amount_of_loan) FROM Student_Loans GROUP BY student_id",Students that exist in the Students table but have never taken a loan are completely absent.,"SELECT s.student_id,   COALESCE(SUM(sl.amount_of_loan), 0) AS total_amount_of_loan  FROM Students AS s  LEFT JOIN Student_Loans AS sl   ON s.student_id = sl.student_id  GROUP BY s.student_id;"
503,cre_Students_Information_Systems,"How many courses does each student take? List the student id, the student biographical data and the course count.","SELECT T1.student_id , T1.bio_data , count(*) FROM Students AS T1 JOIN Classes AS T2 ON T1.student_id = T2.student_id GROUP BY T1.student_id","However it uses an INNER JOIN, therefore any student who is not enrolled in a class (zero courses) will be completely omitted from the output while the question says “each student.”","SELECT s.student_id,   s.bio_data,   COUNT(c.class_id) AS course_count  FROM Students AS s  LEFT JOIN Classes AS c   ON s.student_id = c.student_id  GROUP BY s.student_id, s.bio_data;"
504,cre_Students_Information_Systems,"For each student, find the student id, student biographical data, and the number of courses he or she takes.","SELECT T1.student_id , T1.bio_data , count(*) FROM Students AS T1 JOIN Classes AS T2 ON T1.student_id = T2.student_id GROUP BY T1.student_id","The requirement says “for each student”, meaning all students including those enrolled in zero courses must appear. The annotated query uses an INNER JOIN between Students and Classes, so students without any Classes rows are excluded.","SELECT   s.student_id,   s.bio_data,   COALESCE(COUNT(c.class_id), 0) AS num_courses  FROM Students AS s  LEFT JOIN Classes AS c ON s.student_id = c.student_id  GROUP BY s.student_id, s.bio_data;"
533,book_1,Show all author names and the numbers of books each has written.,"SELECT T1.name , count(*) FROM Author AS T1 JOIN Author_Book AS T2 ON T1.idAuthor = T2.Author GROUP BY T1.idAuthor","The annotated SQL uses an INNER JOIN between Author and Author_Book, therefore any author who has not written a book (i.e., has no row in Author_Book) will be omitted from the result set.","SELECT A.Name,   COUNT(B.ISBN) AS num_books  FROM Author AS A  LEFT JOIN Author_Book AS B   ON A.idAuthor = B.Author  GROUP BY A.idAuthor;"
534,book_1,"What are the names of all the authors, and how many books has each written?","SELECT T1.name , count(*) FROM Author AS T1 JOIN Author_Book AS T2 ON T1.idAuthor = T2.Author GROUP BY T1.idAuthor","The annotated SQL uses an INNER JOIN between Author and Author_Book, therefore any author who has not written a book (i.e., has no row in Author_Book) will be omitted from the result set.","SELECT a.Name,   COUNT(ab.ISBN) AS books_written  FROM Author AS a  LEFT JOIN Author_Book AS ab ON a.idAuthor = ab.Author  GROUP BY a.idAuthor, a.Name;"
535,book_1,Show all book isbns and the numbers of orders for each.,"SELECT isbn , count(*) FROM Books_Order GROUP BY isbn","The annotated query groups inside Books_Order, therefore excludes any ISBN with zero rows there. Test shows 7 books exist but the query returns 5 rows, confirming the defect. A LEFT JOIN (or sub-query) from Book to Books_Order with aggregation is required.","SELECT b.ISBN,   COUNT(bo.IdOrder) AS num_orders  FROM Book AS b  LEFT JOIN Books_Order AS bo   ON b.ISBN = bo.ISBN  GROUP BY b.ISBN;"
537,book_1,Show all book isbns and the total amount ordered for each.,"SELECT isbn , sum(amount) FROM Books_Order GROUP BY isbn","The query aggregates amount per ISBN in Books_Order, so it returns totals only for books that appear in at least one order. The question says “Show all book isbns and the total amount ordered for each.” The word “all” can reasonably be taken to mean every ISBN listed in the Book table, even those that have never been ordered (whose total would therefore be 0).","SELECT b.ISBN,   COALESCE(SUM(bo.amount), 0) AS total_ordered  FROM Book AS b  LEFT JOIN Books_Order AS bo ON b.ISBN = bo.ISBN  GROUP BY b.ISBN;"
538,book_1,"What are the isbns for all books, and what is the total amount ordered for each?","SELECT isbn , sum(amount) FROM Books_Order GROUP BY isbn","The catalogue of books is stored in table Book. To guarantee that every book appears (even if never ordered), we must start from Book and LEFT JOIN to Books_Order, aggregating the amount and substituting NULL with 0.","SELECT b.ISBN,   COALESCE(SUM(o.amount),0) AS total_amount  FROM Book AS b  LEFT JOIN Books_Order AS o ON b.ISBN = o.ISBN  GROUP BY b.ISBN  ORDER BY b.ISBN;"
547,book_1,Show all client names and the number of orders each has made.,"SELECT T2.name , count(*) FROM Orders AS T1 JOIN Client AS T2 ON T1.idClient = T2.idClient GROUP BY T1.idClient","The annotated query performs an INNER JOIN between Orders and Client, therefore returning only clients that appear in Orders. A LEFT JOIN from Client to Orders is needed to retain clients with zero orders.","SELECT C.Name,   COUNT(O.IdOrder) AS num_orders  FROM Client AS C  LEFT JOIN Orders AS O ON O.IdClient = C.IdClient  GROUP BY C.IdClient, C.Name;"
548,book_1,"What are the names of all the clients, and how many times has each of them ordered?","SELECT T2.name , count(*) FROM Orders AS T1 JOIN Client AS T2 ON T1.idClient = T2.idClient GROUP BY T1.idClient","The goal is to list every client together with the number of orders he or she has placed. Clients without any orders must therefore still appear with a count of 0. The annotated query uses an INNER JOIN between Orders and Client, so it returns only clients who have at least one row in Orders, excluding those with none.","SELECT c.Name,   COUNT(o.IdOrder) AS num_orders  FROM Client AS c  LEFT JOIN Orders AS o ON o.IdClient = c.IdClient  GROUP BY c.IdClient, c.Name;"
551,book_1,Show the client names and their total amounts of books ordered.,"SELECT T2.name , sum(T3.amount) FROM Orders AS T1 JOIN Client AS T2 ON T1.idClient = T2.idClient JOIN Books_Order AS T3 ON T3.idOrder = T1.idOrder GROUP BY T1.idClient","Clients without any line items are omitted, which may or may not match the intent, hence the ambiguity.","SELECT C.Name,   COALESCE(SUM(BO.amount),0) AS total_books  FROM Client AS C  LEFT JOIN Orders AS O ON O.IdClient = C.IdClient  LEFT JOIN Books_Order AS BO ON BO.IdOrder = O.IdOrder  GROUP BY C.IdClient, C.Name;"
552,book_1,"What are the names of all the clients, and the total amount of books ordered by each?","SELECT T2.name , sum(T3.amount) FROM Orders AS T1 JOIN Client AS T2 ON T1.idClient = T2.idClient JOIN Books_Order AS T3 ON T3.idOrder = T1.idOrder GROUP BY T1.idClient","The annotated query returns only clients that appear in the Orders table and have at least one entry in Books_Order (because of the two INNER JOINs). Clients that have never placed an order are omitted, even though the question explicitly asks for “all the clients”.","SELECT C.Name,   COALESCE(SUM(BO.amount),0) AS total_books  FROM Client AS C  LEFT JOIN Orders AS O ON O.IdClient = C.IdClient  LEFT JOIN Books_Order AS BO ON BO.IdOrder = O.IdOrder  GROUP BY C.IdClient, C.Name;"
608,book_review,List the titles of books in ascending order of the ratings in review?,SELECT T1.Title FROM book AS T1 JOIN review AS T2 ON T1.Book_ID = T2.Book_ID ORDER BY T2.Rating ASC,"The annotated query joins book and review by Book_ID and orders by Rating, but because review can contain many rows per book, every review row is returned. The phrase “titles of books” normally implies one row per book, so either DISTINCT or an aggregate (e.g., AVG) should be used.","SELECT b.Title  FROM book AS b  JOIN review AS r ON b.Book_ID = r.Book_ID  GROUP BY b.Book_ID, b.Title  ORDER BY AVG(r.Rating) ASC;"
609,book_review,List the title and audio length for all the books in descending order of the number of readers.,"SELECT T1.Title , T1.audio FROM book AS T1 JOIN review AS T2 ON T1.Book_ID = T2.Book_ID ORDER BY T2.Readers_in_Million DESC","The annotated query performs an INNER JOIN between book and review, so any book that has no review row is excluded even though the question says “all the books”. If a book has more than one review row the query will output that book multiple times (one row per review) because there is no aggregation or DISTINCT, producing duplicates and making the ordering by Readers_in_Million arbitrary.","SELECT b.Title,   b.Audio  FROM book AS b  LEFT JOIN (   SELECT Book_ID,   MAX(Readers_in_Million) AS max_readers   FROM review   GROUP BY Book_ID  ) AS r ON b.Book_ID = r.Book_ID  ORDER BY r.max_readers DESC NULLS LAST;"
629,restaurant_bills,Which nationality does the most customers have?,SELECT Nationality FROM customer GROUP BY Nationality ORDER BY COUNT(*) DESC LIMIT 1,"The query groups customers by Nationality, orders by the count and returns only the first row (LIMIT 1). In the current data two nationalities (England and Australia) are tied with the same maximal number of customers (4 each). The LIMIT 1 therefore arbitrarily discards one correct answer, so the query does not always return the full, correct result set.",SELECT Nationality  FROM customer  GROUP BY Nationality  HAVING COUNT(*) = (   SELECT MAX(cnt)   FROM (   SELECT COUNT(*) AS cnt   FROM customer   GROUP BY Nationality   ) AS t  );
636,restaurant_bills,Show each customer name and the total quantities of dishes ordered by that customer.,"SELECT T1.Name , sum(T2.Quantity) FROM customer AS T1 JOIN customer_order AS T2 ON T1.Customer_ID = T2.Customer_ID GROUP BY T1.Name","The query returns only customers who have at least one row in customer_order because it uses an INNER JOIN. Three customers that have never placed an order are therefore omitted, so the result is incomplete for the request ""each customer name"".","SELECT c.Name, COALESCE(SUM(co.Quantity), 0) AS total_quantity  FROM customer c  LEFT JOIN customer_order co ON c.Customer_ID = co.Customer_ID  GROUP BY c.Customer_ID, c.Name;"
637,restaurant_bills,What is the total quantities of dishes ordered by each customer ? List the customer name and the total quantity .,"select t1.name , sum(t2.quantity) from customer as t1 join customer_order as t2 on t1.customer_id = t2.customer_id group by t1.name","it uses an INNER JOIN, so customers with no orders are omitted even though the wording “each customer” suggests they should appear with a zero total.","SELECT c.Name,   COALESCE(SUM(co.Quantity),0) AS total_quantity  FROM customer AS c  LEFT JOIN customer_order AS co   ON c.Customer_ID = co.Customer_ID  GROUP BY c.Customer_ID, c.Name;"
647,club_leader,List the names of members whose nationality is not `` England '' .,"select name from member where nationality != ""england""","The question clearly asks for members whose nationality is not England (exact value in the table is ""England""). SQLite string comparison is case-sensitive, so the annotated query uses ""england"" (lower-case) and therefore does NOT match the ""England"" rows.",SELECT Name FROM member WHERE Nationality <> 'England';
654,club_leader,Show the names of club leaders of clubs with overall ranking higher than 100.,"SELECT T3.Name , T2.Club_Name FROM club_leader AS T1 JOIN club AS T2 ON T1.Club_ID = T2.Club_ID JOIN member AS T3 ON T1.Member_ID = T3.Member_ID WHERE T2.Overall_Ranking < 100","The question asks for the names of club leaders whose clubs have an overall ranking higher than 100 (i.e., Overall_Ranking > 100). The annotated query applies the opposite condition (Overall_Ranking < 100), therefore returning the wrong set of leaders.",SELECT DISTINCT T3.Name  FROM club_leader AS T1  JOIN club AS T2 ON T1.Club_ID = T2.Club_ID  JOIN member AS T3 ON T1.Member_ID = T3.Member_ID  WHERE T2.Overall_Ranking > 100;
655,club_leader,Show the names of club leaders that joined their club before 2018.,"SELECT T3.Name , T2.Club_Name FROM club_leader AS T1 JOIN club AS T2 ON T1.Club_ID = T2.Club_ID JOIN member AS T3 ON T1.Member_ID = T3.Member_ID WHERE T1.Year_Join < 2018","the requested output is strictly “the names of club leaders”, the presence of extra columns / potential duplicates means the annotated query does not exactly answer the question as posed.",SELECT DISTINCT m.Name  FROM club_leader AS cl  JOIN member AS m ON cl.Member_ID = m.Member_ID  WHERE CAST(cl.Year_Join AS INTEGER) < 2018;
672,cre_Doc_and_collections,What are the document object ids of the objects owned by Marlin?,SELECT Parent_Document_Object_ID FROM Document_Objects WHERE OWNER = 'Marlin',The table Document_Objects holds ownership; its primary key Document_Object_ID identifies each object. Selecting Parent_Document_Object_ID both returns the wrong attribute and loses rows whose parent is NULL.,SELECT Document_Object_ID FROM Document_Objects WHERE Owner = 'Marlin';
683,cre_Doc_and_collections,How many child documents does each parent document has? List the document id and the number.,"SELECT T2.Document_Object_ID , count(*) FROM Document_Objects AS T1 JOIN Document_Objects AS T2 ON T1.Parent_Document_Object_ID = T2.Document_Object_ID GROUP BY T2.Document_Object_ID;","The parent / child relationship is stored in the same table (Document_Objects) through the column Parent_Document_Object_ID.   The annotated query self-joins the table and counts the number of rows that reference each parent id. This returns the **correct count only for parents that have at least one child**; every parent that has zero children is omitted because the join is an inner join.   The question asks “How many child documents does each parent document has?”—which normally implies we should report a number for **every** parent document, including 0 when applicable. Because the current query suppresses zero-child parents, it does not fully answer the question.","SELECT D.Document_Object_ID,   COUNT(C.Document_Object_ID) AS child_count  FROM Document_Objects AS D  LEFT JOIN Document_Objects AS C   ON C.Parent_Document_Object_ID = D.Document_Object_ID  GROUP BY D.Document_Object_ID;"
699,cre_Doc_and_collections,"List collection subset id, name and number of collections in each subset.","SELECT T2.Collection_Subset_ID , T1.Collection_Subset_Name , count(*) FROM Collection_Subsets AS T1 JOIN Collection_Subset_Members AS T2 ON T1.Collection_Subset_ID = T2.Collection_Subset_ID GROUP BY T2.Collection_Subset_ID;","• The question asks for, for every collection subset, the number of collections it contains.   • In table Collection_Subset_Members the same Collection_ID can appear several times in one subset (paired with different Related_Collection_ID values). Using COUNT(*) therefore over-counts the number of collections. The correct measure is COUNT(DISTINCT Collection_ID).   • The query projects Collection_Subset_Name but groups only by Collection_Subset_ID; this is non-standard and logically unsafe.   • An INNER JOIN excludes subsets that currently have zero collections, yet the wording “each subset” implies they should be listed (with count 0). A LEFT JOIN from Collection_Subsets is needed.","SELECT cs.Collection_Subset_ID,   cs.Collection_Subset_Name,   COUNT(DISTINCT csm.Collection_ID) AS num_collections  FROM Collection_Subsets AS cs  LEFT JOIN Collection_Subset_Members AS csm   ON cs.Collection_Subset_ID = csm.Collection_Subset_ID  GROUP BY cs.Collection_Subset_ID, cs.Collection_Subset_Name;"
700,cre_Doc_and_collections,"What are the collection subset ids, names, and number of collections for each subset?","SELECT T2.Collection_Subset_ID , T1.Collection_Subset_Name , count(*) FROM Collection_Subsets AS T1 JOIN Collection_Subset_Members AS T2 ON T1.Collection_Subset_ID = T2.Collection_Subset_ID GROUP BY T2.Collection_Subset_ID;","The request asks for the “number of collections” that belong to each collection subset. In the membership table every row is a (Collection_ID , Related_Collection_ID) pair, so one subset can have many rows for the same collection if the subset stores the relationship between two collections (ordered or all-to-all). The annotator’s query simply counts rows of Collection_Subset_Members; this is only equal to the number of collections when each collection appears in exactly one pair. If symmetric or full-pair records exist (e.g. for 3 collections you can have 6 ordered pairs) the row count greatly exceeds the actual number of collections. Therefore the query is not logically correct in general.","SELECT cs.Collection_Subset_ID,   cs.Collection_Subset_Name,   COUNT(DISTINCT c.collection_id) AS num_collections  FROM Collection_Subsets AS cs  LEFT JOIN (   SELECT Collection_ID AS collection_id,   Collection_Subset_ID AS Collection_Subset_ID   FROM Collection_Subset_Members   UNION   SELECT Related_Collection_ID AS collection_id,   Collection_Subset_ID AS Collection_Subset_ID   FROM Collection_Subset_Members  ) c ON cs.Collection_Subset_ID = c.Collection_Subset_ID  GROUP BY cs.Collection_Subset_ID, cs.Collection_Subset_Name;"
702,cre_Doc_and_collections,"For each document object id, how many children do they have?","SELECT T2.Document_Object_ID , count(*) FROM Document_Objects AS T1 JOIN Document_Objects AS T2 ON T1.Parent_Document_Object_ID = T2.Document_Object_ID GROUP BY T2.Document_Object_ID ORDER BY count(*) DESC LIMIT 1;","The task is to report, for every Document_Object_ID, how many rows list it as their Parent_Document_Object_ID. The annotated query self-joins child to parent and groups, but then limits the result to one row and filters out parents with no children. Hence it does not answer the question. A correct solution would use a LEFT JOIN (or correlated sub-query) and no LIMIT.","SELECT P.Document_Object_ID,   COUNT(C.Document_Object_ID) AS children_count  FROM Document_Objects AS P  LEFT JOIN Document_Objects AS C   ON C.Parent_Document_Object_ID = P.Document_Object_ID  GROUP BY P.Document_Object_ID  ORDER BY P.Document_Object_ID;"
703,cre_Doc_and_collections,Which document has least number of related documents? List the document id and the number of related documents.,"SELECT Document_Object_ID , count(*) FROM Document_Subset_Members GROUP BY Document_Object_ID ORDER BY count(*) ASC LIMIT 1;","The question asks for the document that has the least number of related documents. Any document that has no entries in Document_Subset_Members has zero related documents and must be considered, but the annotated query scans only Document_Subset_Members, therefore such documents are excluded.","WITH related AS (   SELECT d.Document_Object_ID,   COUNT(m.Related_Document_Object_ID) AS related_cnt   FROM Document_Objects d   LEFT JOIN Document_Subset_Members m   ON d.Document_Object_ID = m.Document_Object_ID   GROUP BY d.Document_Object_ID  )  SELECT Document_Object_ID, related_cnt  FROM related  WHERE related_cnt = (SELECT MIN(related_cnt) FROM related);"
719,cre_Doc_and_collections,List the Collection Name that document owned by 'Ransom ' belong to .,select t1.collection_name from collections as t1 join documents_in_collections as t2 on t1.collection_id = t2.collection_id join document_objects as t3 on t2.document_object_id = t3.document_object_id where t3.owner = 'ransom',"The joins between Collections, Documents_in_Collections and Document_Objects are appropriate to retrieve the collections that contain documents. However the WHERE clause filters on owner = 'ransom', while in the data the owner value is stored as 'Ransom'. Because SQLite string comparison is case-sensitive the annotated query returns zero rows, so it fails to answer the question.",SELECT DISTINCT c.Collection_Name  FROM Collections AS c  JOIN Documents_in_Collections AS dc ON c.Collection_ID = dc.Collection_ID  JOIN Document_Objects AS d ON dc.Document_Object_ID = d.Document_Object_ID  WHERE TRIM(d.Owner) = 'Ransom';
726,cre_Doc_and_collections,What is the number of document object ids in the collection named Best?,"SELECT T2.Document_Object_ID FROM Collections AS T1 JOIN Documents_in_Collections AS T2 ON T1.Collection_ID = T2.Collection_ID WHERE T1.Collection_Name = ""Best"";","The question asks for the number (count) of document object IDs contained in the collection whose name is ""Best"". The provided query merely lists the Document_Object_ID values and does not aggregate them, so it returns the IDs themselves rather than their count. Apart from the missing aggregation, the join and filter logic conform to the schema and no duplicates arise because (Document_Object_ID, Collection_ID) is a primary key in Documents_in_Collections. Therefore the query is logically incorrect for the question, while the question itself is clear and unambiguous.",SELECT COUNT(*) AS num_document_object_ids  FROM Collections AS C  JOIN Documents_in_Collections AS D   ON C.Collection_ID = D.Collection_ID  WHERE C.Collection_Name = 'Best';
785,address_1,Which country has fewest number of cities?,SELECT country FROM City GROUP BY country ORDER BY count(*) ASC LIMIT 1,"The annotated query correctly counts cities per country but then uses ORDER BY COUNT(*) ASC LIMIT 1, which returns only one country. In the current data there are several countries whose count equals the minimum (CANADA, FRANCE, INDIA, JAPAN, SAFRICA all have 1 city). Because the query discards the other tied countries it does not always give the complete answer.","WITH counts AS (   SELECT country, COUNT(*) AS num_cities   FROM City   GROUP BY country  ), min_count AS (   SELECT MIN(num_cities) AS min_cities FROM counts  )  SELECT c.country  FROM counts c  JOIN min_count m ON c.num_cities = m.min_cities;"
786,address_1,Give the country with the fewest number of cities.,SELECT country FROM City GROUP BY country ORDER BY count(*) ASC LIMIT 1,"Tie case: In the current database five countries have only one city each. Because no secondary sort key is supplied, the query may return any of those five, depending on the engine’s internal ordering. Whether this satisfies the natural‐language request is open to interpretation, hence the ambiguity.",SELECT country  FROM City  GROUP BY country  HAVING COUNT(*) = (   SELECT MIN(cnt)   FROM (   SELECT COUNT(*) AS cnt   FROM City   GROUP BY country   ) AS t  );
795,address_1,Find the number of students living in each city.,"SELECT T1.city_name , count(*) FROM City AS T1 JOIN Student AS T2 ON T1.city_code = T2.city_code GROUP BY T1.city_code","Because the question does not state whether zero-count cities should appear, both the current solution and a LEFT JOIN version could satisfy different interpretations, making the question ambiguous. Aside from this ambiguity, the query is otherwise logically and syntactically correct.","SELECT c.city_name, COUNT(s.StuID) AS num_students  FROM City c  LEFT JOIN Student s ON c.city_code = s.city_code  GROUP BY c.city_code;"
796,address_1,How many students live in each city?,"SELECT T1.city_name , count(*) FROM City AS T1 JOIN Student AS T2 ON T1.city_code = T2.city_code GROUP BY T1.city_code","Because the question does not state whether zero-count cities should appear, both the current solution and a LEFT JOIN version could satisfy different interpretations, making the question ambiguous. Aside from this ambiguity, the query is otherwise logically and syntactically correct.","SELECT c.city_name, COUNT(s.StuID) AS num_students  FROM City c  LEFT JOIN Student s ON c.city_code = s.city_code  GROUP BY c.city_code;"
815,address_1,"What is the average, minimum, maximum distance between two cities?","SELECT avg(distance) , min(distance) , max(distance) FROM Direct_distance","Inspection shows 119 rows but only 59 unordered city pairs; rows where city1_code = city2_code exist. Therefore a straight AVG/MIN/MAX on the whole table mis-represents “distance between two (distinct) cities”. Correct handling requires removing self-distances and de-duplicating unordered pairs (e.g. keep only rows where city1_code < city2_code, or GROUP BY unordered pair).","WITH pairs AS (   SELECT CASE WHEN city1_code < city2_code THEN city1_code ELSE city2_code END AS c1,   CASE WHEN city1_code < city2_code THEN city2_code ELSE city1_code END AS c2,   distance   FROM Direct_distance   WHERE city1_code <> city2_code  )  SELECT AVG(distance), MIN(distance), MAX(distance)  FROM (   SELECT MIN(distance) AS distance -- if duplicates with different values exist, take one   FROM pairs   GROUP BY c1, c2  );"
816,address_1,"Give the average, minimum, and maximum distances between two cities.","SELECT avg(distance) , min(distance) , max(distance) FROM Direct_distance","Inspection shows 119 rows but only 59 unordered city pairs; rows where city1_code = city2_code exist. Therefore a straight AVG/MIN/MAX on the whole table mis-represents “distance between two (distinct) cities”. Correct handling requires removing self-distances and de-duplicating unordered pairs (e.g. keep only rows where city1_code < city2_code, or GROUP BY unordered pair).","WITH pairs AS (   SELECT CASE WHEN city1_code < city2_code THEN city1_code ELSE city2_code END AS c1,   CASE WHEN city1_code < city2_code THEN city2_code ELSE city1_code END AS c2,   distance   FROM Direct_distance   WHERE city1_code <> city2_code  )  SELECT AVG(distance), MIN(distance), MAX(distance)  FROM (   SELECT MIN(distance) AS distance -- if duplicates with different values exist, take one   FROM pairs   GROUP BY c1, c2  );"
860,boat_1,What are the different names of sailors who reserved two or more boats ?,"select distinct t1.name , t1.sid from sailors as t1 join reserves as t2 on t1.sid = t2.sid group by t2.sid having count(*) >= 2",Should not output sid,SELECT DISTINCT s.name  FROM Sailors AS s  JOIN Reserves AS r ON s.sid = r.sid  GROUP BY r.sid  HAVING COUNT(DISTINCT r.bid) >= 2;
893,boat_1,Find the number of reservations for each boat.,"SELECT bid , count(*) FROM Reserves GROUP BY bid","The annotated query aggregates only the Reserves table, therefore lists counts only for boats that appear in that table. The question asks for the number of reservations for each boat, which must include boats that currently have zero reservations. Consequently, the query is incomplete/incorrect. A LEFT JOIN from Boats to Reserves (or counting in a subquery) is necessary to include boats without reservations.","SELECT b.bid,   COUNT(r.bid) AS num_reservations  FROM Boats AS b  LEFT JOIN Reserves AS r ON b.bid = r.bid  GROUP BY b.bid;"
894,boat_1,How many reservations exist for each boat?,"SELECT bid , count(*) FROM Reserves GROUP BY bid","The query counts the number of rows in Reserves per bid, so it returns correct counts only for boats that actually appear in Reserves. Boats that have never been reserved are omitted, yet the wording “for each boat” normally implies that every boat in the Boats table should be listed, even those with zero reservations. Because of this mismatch, the annotated query does not fully answer the question as stated.","SELECT b.bid, COUNT(r.bid) AS reservation_cnt  FROM Boats b  LEFT JOIN Reserves r ON b.bid = r.bid  GROUP BY b.bid;"
895,boat_1,Find the number of reservations for each boat with id greater than 50.,"SELECT bid , count(*) FROM Reserves GROUP BY bid HAVING bid > 50","The Boats table contains bids 101, 102, 103 (>50). Reserves only has 102 and 103. The annotated query SELECT bid, COUNT(*) FROM Reserves GROUP BY bid HAVING bid > 50 counts reservations strictly from Reserves, yielding (102,2) and (103,2) but omitting 101 whose correct count is 0. A LEFT JOIN (or sub-query) starting from Boats is required to include boats with zero reservations.","SELECT b.bid,   COUNT(r.day) AS num_reservations  FROM Boats b  LEFT JOIN Reserves r ON b.bid = r.bid  WHERE b.bid > 50  GROUP BY b.bid;"
896,boat_1,How many reservations exist for each boat with an id greater than 50?,"SELECT bid , count(*) FROM Reserves GROUP BY bid HAVING bid > 50","The question asks for “each boat with an id greater than 50”. That logically refers to all boats in the Boats table whose bid > 50, even if they have no reservations, and the answer should show a count (zero or more) for every such boat.     The annotated query    SELECT bid, COUNT(*)  FROM Reserves  GROUP BY bid  HAVING bid > 50    is executed only on the Reserves table. It therefore returns counts only for boats that actually appear in Reserves, omitting any qualifying boat that has zero reservations (e.g., bid 101 in the sample data). Consequently it does not fully answer the question.","SELECT b.bid,   COUNT(r.bid) AS reservation_count  FROM Boats AS b  LEFT JOIN Reserves AS r ON b.bid = r.bid  WHERE b.bid > 50  GROUP BY b.bid;"
926,headphone_store,Find the headphone class that does not contain more than two headphones.,SELECT CLASS FROM headphone GROUP BY CLASS HAVING count(*) > 2,"The query uses GROUP BY to count headphones in each class, which is the right approach, but the HAVING clause is wrong: it selects classes with more than two headphones (> 2) when the question wants classes that do NOT contain more than two headphones (i.e., ≤ 2).",SELECT Class  FROM headphone  GROUP BY Class  HAVING COUNT(*) <= 2;
1005,aan_1,What is the id and the number of citations of the most cited paper?,"SELECT paper_id , count(*) FROM Citation GROUP BY cited_paper_id ORDER BY count(*) DESC LIMIT 1","The query intends to count citations received by each paper, which requires grouping on cited_paper_id and selecting that same column as the paper id. The annotated query groups by cited_paper_id but selects paper_id, which is the id of the citing paper and is neither aggregated nor present in the GROUP BY clause.","SELECT cited_paper_id AS paper_id,   COUNT(*) AS num_citations  FROM Citation  GROUP BY cited_paper_id  ORDER BY num_citations DESC  LIMIT 1;"
1006,aan_1,Give the id and the number of citations of the most cited paper.,"SELECT paper_id , count(*) FROM Citation GROUP BY cited_paper_id ORDER BY count(*) DESC LIMIT 1","The query intends to count citations received by each paper, which requires grouping on cited_paper_id and selecting that same column as the paper id. The annotated query groups by cited_paper_id but selects paper_id, which is the id of the citing paper and is neither aggregated nor present in the GROUP BY clause.","SELECT cited_paper_id AS paper_id,   COUNT(*) AS num_citations  FROM Citation  GROUP BY cited_paper_id  ORDER BY num_citations DESC  LIMIT 1;"
1009,aan_1,List top 10 most cited papers and their numbers of citations.,"SELECT paper_id , count(*) FROM Citation GROUP BY cited_paper_id ORDER BY count(*) DESC LIMIT 10","The query should count how many times each paper is cited, which is the number of rows in Citation for every cited_paper_id. However the annotated query groups by cited_paper_id but selects paper_id, a column that is neither aggregated nor included in the GROUP BY clause.","SELECT cited_paper_id AS paper_id, COUNT(*) AS num_citations  FROM Citation  GROUP BY cited_paper_id  ORDER BY num_citations DESC  LIMIT 10;"
1010,aan_1,"What are the 10 most cited papers, and how many citations did each have?","SELECT paper_id , count(*) FROM Citation GROUP BY cited_paper_id ORDER BY count(*) DESC LIMIT 10","The query should count how many times each paper is cited, which is the number of rows in Citation for every cited_paper_id. However the annotated query groups by cited_paper_id but selects paper_id, a column that is neither aggregated nor included in the GROUP BY clause.","SELECT cited_paper_id AS paper_id,   COUNT(*) AS citation_count  FROM Citation  GROUP BY cited_paper_id  ORDER BY citation_count DESC  LIMIT 10;"
1026,aan_1,Count the number of papers Columbia University had during or prior to 2009 .,"select count(distinct t1.paper_id) from paper as t1 join author_list as t2 on t1.paper_id = t2.paper_id join affiliation as t3 on t2.affiliation_id = t3.affiliation_id where t1.year <= 2009 and t3.name = ""columbia university""","The annotated query joins Paper → Author_list → Affiliation and tries to count distinct papers, which is structurally appropriate. However, it filters with t3.name = ""columbia university"", which (1) is case-sensitive and therefore misses the stored value ""Columbia University"", and (2) excludes affiliations that merely contain the phrase, e.g., ""AT&T Bell Labs …; Columbia University"". Executing the annotated query returns 0, while a correct query using a substring match returns 222, proving the answer is wrong.",SELECT COUNT(DISTINCT p.paper_id)  FROM Paper p  JOIN Author_list al ON p.paper_id = al.paper_id  JOIN Affiliation af ON al.affiliation_id = af.affiliation_id  WHERE p.year <= 2009   AND af.name LIKE '%Columbia University%';
1027,aan_1,How many papers does Stanford University have between 2000 and 2009?,"SELECT count(DISTINCT T1.paper_id) FROM Paper AS T1 JOIN Author_list AS T2 ON T1.paper_id = T2.paper_id JOIN Affiliation AS T3 ON T2.affiliation_id = T3.affiliation_id WHERE T1.year >= 2000 AND T1.year <= 2009 AND T3.name LIKE ""Stanford University""","The annotated SQL only matches rows where affiliation.name equals exactly ""Stanford University"" (or LIKE without wildcards, which is the same as equality). But many affiliations containing Stanford University include additional text (e.g., ""Stanford University, Stanford CA; Hewlett Packard Company""). Those rows should also count toward Stanford’s papers. Therefore the query under-counts (164 instead of the correct 171). Other parts (joins, distinct count, year filter) are fine.",SELECT COUNT(DISTINCT T1.paper_id)  FROM Paper AS T1  JOIN Author_list AS T2 ON T1.paper_id = T2.paper_id  JOIN Affiliation AS T3 ON T2.affiliation_id = T3.affiliation_id  WHERE T1.year BETWEEN 2000 AND 2009   AND T3.name LIKE '%Stanford University%';
1028,aan_1,Count the number of papers Stanford University had between 2000 and 2009.,"SELECT count(DISTINCT T1.paper_id) FROM Paper AS T1 JOIN Author_list AS T2 ON T1.paper_id = T2.paper_id JOIN Affiliation AS T3 ON T2.affiliation_id = T3.affiliation_id WHERE T1.year >= 2000 AND T1.year <= 2009 AND T3.name LIKE ""Stanford University""","The annotated SQL only matches rows where affiliation.name equals exactly ""Stanford University"" (or LIKE without wildcards, which is the same as equality). But many affiliations containing Stanford University include additional text (e.g., ""Stanford University, Stanford CA; Hewlett Packard Company""). Those rows should also count toward Stanford’s papers. Therefore the query under-counts (164 instead of the correct 171). Other parts (joins, distinct count, year filter) are fine.","""SELECT COUNT(DISTINCT T1.paper_id)  FROM Paper AS T1  JOIN Author_list AS T2 ON T1.paper_id = T2.paper_id  JOIN Affiliation AS T3 ON T2.affiliation_id = T3.affiliation_id  WHERE T1.year BETWEEN 2000 AND 2009   AND T3.name LIKE '%Stanford University%';"""
1039,aan_1,Find the name of the affiliation whose address contains 'China' and publishes the greatest number of papers.,"SELECT T1.name FROM Affiliation AS T1 JOIN Author_list AS T2 ON T1.affiliation_id = T2.affiliation_id WHERE T1.address LIKE ""%China%"" GROUP BY T1.affiliation_id ORDER BY count(*) DESC LIMIT 1","The annotated query counts rows in Author_list, so a single paper with multiple authors from the same affiliation is counted multiple times. This measures author-instances, not distinct papers, which the question requires. The rest of the logic (join, address filter, grouping, limit) is sound but the aggregation must be changed to COUNT(DISTINCT paper_id).",SELECT a.name  FROM Affiliation AS a  JOIN Author_list AS al ON a.affiliation_id = al.affiliation_id  WHERE a.address LIKE '%China%'  GROUP BY a.affiliation_id  ORDER BY COUNT(DISTINCT al.paper_id) DESC  LIMIT 1;
1040,aan_1,What is the name of the affiliation which publishes the greatest number of papers among those whose address contains 'China'.,"SELECT T1.name FROM Affiliation AS T1 JOIN Author_list AS T2 ON T1.affiliation_id = T2.affiliation_id WHERE T1.address LIKE ""%China%"" GROUP BY T1.affiliation_id ORDER BY count(*) DESC LIMIT 1","The annotated query counts rows in Author_list, so a single paper with multiple authors from the same affiliation is counted multiple times. This measures author-instances, not distinct papers, which the question requires. The rest of the logic (join, address filter, grouping, limit) is sound but the aggregation must be changed to COUNT(DISTINCT paper_id).",SELECT a.name  FROM Affiliation AS a  JOIN Author_list AS al ON a.affiliation_id = al.affiliation_id  WHERE a.address LIKE '%China%'  GROUP BY a.affiliation_id  ORDER BY COUNT(DISTINCT al.paper_id) DESC  LIMIT 1;
1043,aan_1,Find the total number of papers for each affiliation.,"SELECT count(DISTINCT T2.paper_id) , T1.name FROM Affiliation AS T1 JOIN Author_list AS T2 ON T1.affiliation_id = T2.affiliation_id GROUP BY T1.affiliation_id","The question asks for the total number of papers “for each affiliation”. A reasonable reading is that every affiliation in the Affiliation table should appear, even those that have never authored a paper (count = 0). The annotated query uses an INNER JOIN between Affiliation and Author_list, so affiliations that do not occur in Author_list are dropped; thus the request is not fully satisfied. Moreover the query omits T1.name from the GROUP BY list, which SQLite allows but standard SQL would reject. Counting DISTINCT paper_id is otherwise correct to avoid multiple authors inflating the total. Because the phrase “for each affiliation” can also be interpreted as “for every affiliation that has at least one paper”, the task statement itself is ambiguous.","SELECT A.name,   COUNT(DISTINCT AL.paper_id) AS paper_cnt  FROM Affiliation AS A  LEFT JOIN Author_list AS AL   ON A.affiliation_id = AL.affiliation_id  GROUP BY A.affiliation_id, A.name;"
1044,aan_1,How many papers has each affiliation published?,"SELECT count(DISTINCT T2.paper_id) , T1.name FROM Affiliation AS T1 JOIN Author_list AS T2 ON T1.affiliation_id = T2.affiliation_id GROUP BY T1.affiliation_id","Affiliations that have never published a paper will be missing from the output, even though the question asks for the number of papers for *each* affiliation, which implies that those affiliations should be listed with a count of 0.","SELECT a.name,   COUNT(DISTINCT al.paper_id) AS num_papers  FROM Affiliation AS a  LEFT JOIN Author_list AS al   ON a.affiliation_id = al.affiliation_id  GROUP BY a.affiliation_id, a.name;"
1047,aan_1,Find the number of authors who did not publish any paper that is cited more than 50 times.,SELECT count(*) FROM Author WHERE Author_id NOT IN ( SELECT T2.author_id FROM Citation AS T1 JOIN Author_list AS T2 ON T1.cited_paper_id = T2.paper_id GROUP BY T1.cited_paper_id HAVING count(DISTINCT T1.paper_id) > 50),"A paper is considered highly cited when its cited_paper_id appears in more than 50 rows of Citation. To answer the question we must (i) find every paper meeting that threshold, (ii) collect every author of those papers, and (iii) count the authors not in that set. The annotated query groups by cited_paper_id but projects author_id without aggregation, which in SQLite returns an arbitrary author per paper and drops co-authors. Hence the exclusion list is incomplete and the final count is wrong.",SELECT COUNT(*)  FROM Author a  WHERE a.author_id NOT IN (   SELECT DISTINCT al.author_id   FROM Author_list al   JOIN (   SELECT cited_paper_id   FROM Citation   GROUP BY cited_paper_id   HAVING COUNT(*) > 50   ) hc ON hc.cited_paper_id = al.paper_id  );
1048,aan_1,How many authors have not published a paper with more than 50 citations?,SELECT count(*) FROM Author WHERE Author_id NOT IN ( SELECT T2.author_id FROM Citation AS T1 JOIN Author_list AS T2 ON T1.cited_paper_id = T2.paper_id GROUP BY T1.cited_paper_id HAVING count(DISTINCT T1.paper_id) > 50),"1. In the sub-query it groups by T1.cited_paper_id but selects T2.author_id, which is **not** part of the GROUP BY nor aggregated. SQLite keeps an arbitrary author from each group; co-authors of the same paper are silently dropped.  2. As a result, many authors who actually do have ≥ 51-citation papers are not removed by the outer NOT IN, so the final count is too large (21 293 instead of the correct 21 019 in the sample database — 274 authors are erroneously included).","WITH high_papers AS (   SELECT cited_paper_id   FROM Citation   GROUP BY cited_paper_id   HAVING COUNT(*) > 50  ),  authors_with_high AS (   SELECT DISTINCT author_id   FROM Author_list   WHERE paper_id IN (SELECT cited_paper_id FROM high_papers)  )  SELECT COUNT(*)  FROM Author  WHERE author_id NOT IN (SELECT author_id FROM authors_with_high);"
1063,conference,which year has least number of conferences?,SELECT YEAR FROM conference GROUP BY YEAR ORDER BY count(*) LIMIT 1,"The query groups by Year, orders the groups by COUNT(*) ascending and returns only the first row. When several years share the minimum number of conferences (as in the sample data where both 2003 and 2004 have 3 conferences), the query returns just one of them (2003) and therefore does not fully answer the question.",SELECT Year  FROM conference  GROUP BY Year  HAVING COUNT(*) = (   SELECT MIN(cnt)   FROM (   SELECT COUNT(*) AS cnt   FROM conference   GROUP BY Year   ) AS t  );
1064,conference,What year had the fewest conferences?,SELECT YEAR FROM conference GROUP BY YEAR ORDER BY count(*) LIMIT 1,"The annotated query (SELECT Year FROM conference GROUP BY Year ORDER BY COUNT(*) LIMIT 1) returns only a single year that has the minimum number of conferences. When several years tie for that minimum (as in the current data where both 2003 and 2004 each have 3 conferences),",SELECT Year  FROM conference  GROUP BY Year  HAVING COUNT(*) = (   SELECT MIN(cnt)   FROM (   SELECT COUNT(*) AS cnt   FROM conference   GROUP BY Year   )  );
1073,conference,Show the institution name and the number of staff for each institution founded after 1800.,"SELECT T1.institution_name , count(*) FROM institution AS T1 JOIN staff AS T2 ON T1.institution_id = T2.institution_id WHERE T1.founded > 1800 GROUP BY T2.institution_id","The question asks for every institution founded after 1800 together with “the number of staff”. That implies that institutions which currently have zero staff should still be shown with a count of 0.    The annotator’s query uses an INNER JOIN between institution and staff, therefore any institution that has no matching rows in staff (e.g. Institution_ID 6, 7, 9 in the data) is completely omitted from the output. Consequently the result set is incomplete and the counts are wrong for those institutions.    In addition, with a LEFT join you must count only the non-null staff rows (COUNT(s.staff_ID)) rather than COUNT(*), otherwise every institution would be reported as having at least one staff member even when none exist.","SELECT i.Institution_Name,   COUNT(s.staff_ID) AS staff_count  FROM institution i  LEFT JOIN staff s ON i.Institution_ID = s.Institution_ID  WHERE i.Founded > 1800  GROUP BY i.Institution_ID, i.Institution_Name;"
1074,conference,"For each institution id , how many staff members does each institution have that was founded after 1800 ? return their names .","select t1.institution_name , count(*) from institution as t1 join staff as t2 on t1.institution_id = t2.institution_id where t1.founded > 1800 group by t2.institution_id","The question states “For each institution id , how many staff members does each institution have that was founded after 1800 ? return their names .” This implies (a) results should be grouped per Institution_ID, (b) only institutions founded after 1800 are considered, (c) a count of staff must be returned, and (d) some kind of names must be returned. The annotated query:   • outputs Institution_Name and COUNT(*) but omits Institution_ID even though explicitly asked.   • groups by t2.Institution_ID but selects t1.Institution_Name, which is not part of the GROUP BY nor aggregated—valid in SQLite but not in standard SQL and potentially inconsistent.   • does not clarify or provide the “names” of staff members if that is what was intended; individual names are lost due to aggregation.","SELECT   i.Institution_Name,   COUNT(s.staff_ID) AS staff_count  FROM institution i  LEFT JOIN staff s ON i.Institution_ID = s.Institution_ID  WHERE i.Founded > 1800  GROUP BY i.Institution_ID, i.Institution_Name;"
1079,conference,What is the maximum and minimum age of all staff from the United States?,"SELECT max(age) , min(age) FROM staff","The question asks specifically for the maximum and minimum age among staff whose Nationality is ""United States"". The provided query aggregates over the entire staff table without a WHERE filter, therefore including staff of all nationalities and producing wrong values.","SELECT MAX(Age) AS max_age, MIN(Age) AS min_age  FROM staff  WHERE Nationality = 'United States';"
1089,conference,Show the conference name and year and the number of participants for each conference.,"SELECT T1.conference_name , T1.year , count(*) FROM Conference AS T1 JOIN Conference_participation AS T2 ON T1.conference_id = T2.conference_id GROUP BY T2.conference_id","The task asks for every conference, including those that might have zero participants. The annotator’s query uses an inner JOIN between conference and conference_participation, so any conference without rows in conference_participation will be omitted. Hence the result set is incomplete.","SELECT c.Conference_Name,   c.Year,   COUNT(cp.staff_ID) AS num_participants  FROM conference AS c  LEFT JOIN conference_participation AS cp   ON cp.Conference_ID = c.Conference_ID  GROUP BY c.Conference_ID;"
1090,conference,"For each conference id, what are their names, year, and number of participants?","SELECT T1.conference_name , T1.year , count(*) FROM Conference AS T1 JOIN Conference_participation AS T2 ON T1.conference_id = T2.conference_id GROUP BY T2.conference_id","The query counts participants only for conferences which appear in conference_participation because it uses an INNER JOIN. From the verification query we ran there exists at least one conference without any participant, so the requested “for each conference id” (i.e., include those with 0 participants) is not satisfied.","SELECT    c.Conference_Name,   c.Year,   COUNT(cp.staff_ID) AS num_participants  FROM conference AS c  LEFT JOIN conference_participation AS cp   ON cp.Conference_ID = c.Conference_ID  GROUP BY c.Conference_ID, c.Conference_Name, c.Year;"
1183,district_spokesman,What is the total population of the districts whose areas are in the top 3?,SELECT sum(population) FROM district ORDER BY area_km DESC LIMIT 3,"The query needs to first pick the three districts with the largest Area_km and then sum their Population. The annotated SQL performs the SUM over the whole table (22 531) and then tries to ORDER / LIMIT afterwards, which SQLite evaluates on the single‐row aggregate result – therefore it ignores the intended top-3 filter and returns a wrong number. Running the proper sub-query shows the correct total of 19 607.",SELECT SUM(Population) AS total_population  FROM (   SELECT Population   FROM district   ORDER BY Area_km DESC   LIMIT 3  );
1194,district_spokesman,"Find the number of spokesmen for each district, and the show district names as well.","SELECT t1.name , count(*) FROM district AS t1 JOIN spokesman_district AS t2 ON t1.District_ID = t2.District_ID GROUP BY t2.District_ID","The database has 5 districts but the annotated query returns only 4 rows. An INNER JOIN between district and spokesman_district removes districts without matches (e.g., “Huara”). To meet the requirement we must keep all districts and count matching spokesmen, which requires a LEFT JOIN.","SELECT d.Name,   COUNT(sd.Spokesman_ID) AS num_spokesmen  FROM district d  LEFT JOIN spokesman_district sd   ON d.District_ID = sd.District_ID  GROUP BY d.District_ID, d.Name;"
1203,art_1,What is the name of the oldest painting and where is it located?,"SELECT title , LOCATION , YEAR FROM paintings ORDER BY YEAR LIMIT 1",The query returns the year column which the question does not request (not harmful but unnecessary).,"SELECT title, location  FROM Paintings  WHERE year = (   SELECT MIN(year)   FROM Paintings   WHERE year IS NOT NULL  );"
1235,art_1,In what locations and on what mediums are the paintings created by the artist with the first name Pablo?,"SELECT T2.location , T2.medium FROM artists AS T1 JOIN paintings AS T2 ON T1.artistID = T2.painterID WHERE T1.fname = ""Pablo""","The query properly joins Artists and Paintings and filters artists whose first name is ""Pablo"", but it returns the columns location and medium. The wording of the question – “on what mediums” – strongly suggests it is asking for the support that the paint is **on**, which in the schema is the column mediumOn (e.g. canvas, panel, ivory wove paper), not the paint itself (oil, lithograph). Therefore the query does not return the information the question appears to request.","SELECT DISTINCT P.location, P.mediumOn  FROM Artists AS A  JOIN Paintings AS P ON A.artistID = P.painterID  WHERE A.fname = 'Pablo';"
1286,art_1,What are the maximum height and id of paintings painted before 1900?,"SELECT max(height_mm) , paintingID FROM paintings WHERE YEAR < 1900","The query mixes an aggregate MAX(height_mm) with non-aggregated column paintingID without GROUP BY; in SQLite this picks an arbitrary ID, not guaranteed to correspond to the painting(s) with the maximum height. Therefore it is logically incorrect, even though the current data set might coincidentally return the right row. The question is clear and unambiguous.","SELECT paintingID, height_mm  FROM Paintings  WHERE year < 1900   AND height_mm = (   SELECT MAX(height_mm)   FROM Paintings   WHERE year < 1900   );"
1287,art_1,What is the height and id of the tallest painting created before 1900?,"SELECT max(height_mm) , paintingID FROM paintings WHERE YEAR < 1900","The query mixes an aggregate MAX(height_mm) with non-aggregated column paintingID without GROUP BY; in SQLite this picks an arbitrary ID, not guaranteed to correspond to the painting(s) with the maximum height. Therefore it is logically incorrect, even though the current data set might coincidentally return the right row. The question is clear and unambiguous.","SELECT paintingID, height_mm  FROM Paintings  WHERE year < 1900   AND height_mm = (   SELECT MAX(height_mm)   FROM Paintings   WHERE year < 1900   );"
1294,art_1,Find the death year of all artists who have at most 3 paintings?,SELECT T1.deathYear FROM artists AS T1 JOIN paintings AS T2 ON T1.artistID = T2.painterID GROUP BY T2.painterID HAVING count(*) <= 3,"The query uses an inner JOIN between Artists and Paintings, so it only considers artists that have at least one painting. ""At most 3 paintings"" must also include artists with zero paintings, which are dropped by the inner-join. Therefore the result set is incomplete and the query is logically incorrect. Aside from that, the GROUP BY column should be the artistID from Artists (or include LEFT JOIN) but that is not the main flaw.",SELECT A.deathYear  FROM Artists AS A  LEFT JOIN Paintings AS P ON A.artistID = P.painterID  GROUP BY A.artistID  HAVING COUNT(P.paintingID) <= 3;
1295,art_1,When did each artist who created less than 4 paintings die ?,select t1.deathyear from artists as t1 join paintings as t2 on t1.artistid = t2.painterid group by t2.painterid having count(*) < 4,"The annotated query joins Artists to Paintings with an INNER JOIN, groups by painterID and keeps those with COUNT(*)<4. Artists who never painted anything are absent from Paintings and are therefore lost in the INNER JOIN. The correct logic must count 0-3 paintings, so the join has to be LEFT (or a sub-query) and count only paintingID. All other parts (GROUP BY, HAVING) are fine but should group by artistID, not painterID, to avoid accidental mismatch.",SELECT a.deathYear  FROM Artists AS a  LEFT JOIN Paintings AS p ON a.artistID = p.painterID  GROUP BY a.artistID  HAVING COUNT(p.paintingID) < 4;
1305,art_1,Which artists have the most paintings in oil?,"SELECT T1.lname , T1.fname FROM artists AS T1 JOIN paintings AS T2 ON T1.artistID = T2.painterID WHERE T2.medium = ""oil"" GROUP BY T2.painterID ORDER BY count(*) DESC LIMIT 3","The original query joins Artists and Paintings, filters to paintings whose medium is ""oil"", groups by artist and orders by the count descending. However, it adds LIMIT 3, which always truncates the list to three artists. The question asks for the artist(s) who have the most oil paintings – i.e., every artist whose count equals the maximum. Because of the limit the query can (1) return too many artists if fewer than three share the maximum, or (2) omit some artists when more than three tie for the maximum. Therefore it does not reliably answer the question, even though the rest of the logic (join, filter, aggregation) is correct.","WITH oil_counts AS (   SELECT painterID, COUNT(*) AS cnt   FROM Paintings   WHERE medium = 'oil'   GROUP BY painterID  ),  max_cnt AS (   SELECT MAX(cnt) AS top_cnt FROM oil_counts  )  SELECT a.lname, a.fname  FROM oil_counts oc  JOIN max_cnt m ON oc.cnt = m.top_cnt  JOIN Artists a ON a.artistID = oc.painterID;"
1312,art_1,Find the locations that have paintings before 1885 and no work with medium on canvas?,"SELECT DISTINCT LOCATION FROM paintings WHERE YEAR < 1885 AND mediumOn != ""canvas""","The query only selects rows from Paintings that (1) were created before 1885 and (2) are not painted on canvas, then returns their locations. It never checks whether the same location also contains other paintings that are on canvas. Thus a location that has both a pre-1885 wood panel painting and a later canvas painting would still be returned, violating the “no work with medium on canvas” requirement. A correct solution must first ensure the existence of ≥1 painting before 1885 and simultaneously guarantee the absence of ANY painting whose mediumOn = 'canvas' at that location.",SELECT DISTINCT p1.location  FROM Paintings AS p1  WHERE p1.year < 1885   AND NOT EXISTS (   SELECT 1   FROM Paintings AS p2   WHERE p2.location = p1.location   AND LOWER(p2.mediumOn) = 'canvas'  );
1320,car_road_race,Who are the constructors of drivers sorted by drivers' age in ascending order?,SELECT DISTINCT CONSTRUCTOR FROM driver ORDER BY Age ASC,"The request wants constructor names listed such that their rows follow the ascending order of the associated drivers’ ages. With SELECT DISTINCT constructor only, SQLite forbids ORDER BY Age (not in SELECT list). Even without the syntax error, DISTINCT would collapse multiple drivers of the same constructor to one row, making the age‐based order undefined. Therefore the annotated query is incorrect.",SELECT Constructor FROM driver ORDER BY Age ASC;
1332,car_road_race,Please show the names of drivers and the number of races they participate in.,"SELECT T1.Driver_Name , COUNT(*) FROM driver AS T1 JOIN race AS T2 ON T1.Driver_ID = T2.Driver_ID GROUP BY T1.Driver_ID","The database contains 11 drivers (verified). The INNER JOIN in the annotated query returns only 6 drivers who have at least one race. Five drivers with zero races are excluded, so the requirement “each driver” is not met. Using LEFT JOIN and counting the race rows (which returns NULL for no matches) fixes the issue.","SELECT d.Driver_Name,   COUNT(r.Road) AS race_count  FROM driver AS d  LEFT JOIN race AS r   ON d.Driver_ID = r.Driver_ID  GROUP BY d.Driver_ID;"
1333,car_road_race,How many races did each driver participate in?,"SELECT T1.Driver_Name , COUNT(*) FROM driver AS T1 JOIN race AS T2 ON T1.Driver_ID = T2.Driver_ID GROUP BY T1.Driver_ID","The database contains 11 drivers (verified). The INNER JOIN in the annotated query returns only 6 drivers who have at least one race. Five drivers with zero races are excluded, so the requirement “each driver” is not met. Using LEFT JOIN and counting the race rows (which returns NULL for no matches) fixes the issue.","SELECT d.Driver_Name,   COUNT(r.Road) AS race_count  FROM driver AS d  LEFT JOIN race AS r   ON d.Driver_ID = r.Driver_ID  GROUP BY d.Driver_ID;"
1400,real_estate_rentals,In which states are each of the the properties located?,SELECT DISTINCT T1.county_state_province FROM Addresses AS T1 JOIN Properties AS T2 ON T1.address_id = T2.property_address_id;,"The join between Addresses and Properties is correct, but by selecting only county_state_province and adding DISTINCT, the query collapses multiple properties in the same state into one row. The result therefore does not satisfy “each property”.",SELECT  a.county_state_province  FROM Properties AS p  JOIN Addresses AS a   ON p.property_address_id = a.address_id;
1401,real_estate_rentals,Give the states or provinces corresponding to each property.,SELECT DISTINCT T1.county_state_province FROM Addresses AS T1 JOIN Properties AS T2 ON T1.address_id = T2.property_address_id;,"The join between Addresses and Properties is correct, but by selecting only county_state_province and adding DISTINCT, the query collapses multiple properties in the same state into one row. The result therefore does not satisfy “each property”.",SELECT  a.county_state_province  FROM Properties AS p  JOIN Addresses AS a   ON p.property_address_id = a.address_id;
1404,real_estate_rentals,What are the feature name and description of the most commonly seen feature across properties?,"SELECT T1.feature_name , T1.feature_description FROM Features AS T1 JOIN Property_Features AS T2 ON T1.feature_id = T2.feature_id GROUP BY T1.feature_name ORDER BY count(*) DESC LIMIT 1;","The query joins Features with Property_Features, groups by feature_name, orders the groups by COUNT(*) and returns the first row.     1. Over-counting issue – The metric should be the number of **properties** that possess a feature (COUNT(DISTINCT property_id)); the annotated query counts rows in Property_Features. If a property records the same feature more than once (e.g., multiple feature_values for one feature) the query will inflate that feature’s frequency and can therefore return the wrong “most common” feature.   2. Group-by mismatch – It groups only by feature_name while also selecting feature_description. SQLite will accept this but the value returned is technically indeterminate if different descriptions share a name. Grouping by feature_id (or both name and id) is safer and clearer.","SELECT f.feature_name,   f.feature_description  FROM Features f  JOIN Property_Features pf ON pf.feature_id = f.feature_id  GROUP BY f.feature_id  ORDER BY COUNT(DISTINCT pf.property_id) DESC  LIMIT 1;"
1405,real_estate_rentals,Give the feature name and description for the most common feature across all properties.,"SELECT T1.feature_name , T1.feature_description FROM Features AS T1 JOIN Property_Features AS T2 ON T1.feature_id = T2.feature_id GROUP BY T1.feature_name ORDER BY count(*) DESC LIMIT 1;","• The original query joins Features to Property_Features and uses COUNT(*) to rank features.   • Property_Features can contain the same feature multiple times for one property (as shown in the data: property_id 4 has two rooftop rows).   • Thus COUNT(*) measures rows, not properties, which can mis-identify the most common feature.   • To satisfy the question we must count DISTINCT property_id per feature.   • Grouping by feature_id (or both name and description) is safer than grouping only by feature_name in case names repeat.","SELECT f.feature_name,   f.feature_description  FROM Features f  JOIN Property_Features pf ON pf.feature_id = f.feature_id  GROUP BY f.feature_id  ORDER BY COUNT(DISTINCT pf.property_id) DESC  LIMIT 1;"
1406,real_estate_rentals,What is the minimum number of rooms in a property?,SELECT min(room_count) FROM Properties;,"The query simply returns MIN(room_count) from Properties. However:  1. room_count is stored as VARCHAR(10). In SQLite the MIN aggregate applied to text values uses **lexicographical** comparison, not numeric comparison. Therefore a property with room_count = '10' would be treated as less than '2', so the result would not necessarily be the true minimum number of rooms.",SELECT MIN(CAST(room_count AS INTEGER)) AS lowest_room_count  FROM Properties;
1407,real_estate_rentals,What is the lowest room count across all the properties?,SELECT min(room_count) FROM Properties;,"The question asks for the numerically smallest room count among all properties. The column room_count is stored as VARCHAR(10), so SQLite compares the values as text. A text‐based MIN() can yield the wrong result whenever values have different string lengths (e.g., between ‘2’ and ‘10’ the lexicographic minimum is ‘10’, not 2). Therefore the annotated query    SELECT MIN(room_count) FROM Properties;    may return an incorrect answer. No joins or extra filters are required, only a numeric cast before applying MIN().",SELECT MIN(CAST(room_count AS INTEGER)) AS lowest_room_count  FROM Properties;
1414,real_estate_rentals,List the average room count of the properties with gardens.,SELECT avg(T3.room_count) FROM Property_Features AS T1 JOIN Features AS T2 ON T1.feature_id = T2.feature_id JOIN Properties AS T3 ON T1.property_id = T3.property_id WHERE T2.feature_name = 'garden';,"In the annotated query that join is written correctly, but it keeps every qualifying row in Property_Features. Nothing in the schema prevents the same property from appearing two or more times for the same feature (e.g., several garden–related values). Each duplicate row repeats the property’s room_count, so the AVG is computed with an inflated weight for such properties and can be wrong.",SELECT AVG(CAST(p.room_count AS NUMERIC)) AS avg_room_count  FROM Properties AS p  WHERE p.property_id IN (   SELECT DISTINCT pf.property_id   FROM Property_Features AS pf   JOIN Features AS f   ON pf.feature_id = f.feature_id   WHERE f.feature_name = 'garden'  );
1415,real_estate_rentals,"On average, how many rooms do properties with garden features have?",SELECT avg(T3.room_count) FROM Property_Features AS T1 JOIN Features AS T2 ON T1.feature_id = T2.feature_id JOIN Properties AS T3 ON T1.property_id = T3.property_id WHERE T2.feature_name = 'garden';,"The query joins Property_Features → Features → Properties and takes AVG(room_count) for rows where feature_name = 'garden'.   However Property_Features can contain multiple rows for the same property / feature (as the data show: property_id 3 has two “garden” rows).   Because the query does not eliminate duplicates, such properties are counted multiple times, biasing the average: the query returned 7.25 whereas the correct average across the 3 distinct properties (room counts 9, 3, 8) is 6.67.",SELECT AVG(CAST(p.room_count AS REAL))  FROM Properties p  WHERE EXISTS (   SELECT 1   FROM Property_Features pf   JOIN Features f ON f.feature_id = pf.feature_id   WHERE pf.property_id = p.property_id   AND f.feature_name = 'garden'  );
1446,real_estate_rentals,How many properties are there with at least 2 features?,SELECT count(*) FROM Properties GROUP BY property_id HAVING count(*) >= 2;,"The information about features per property is stored in Property_Features, not in Properties. The correct approach is to count, for each property, how many feature rows it has and then count how many properties meet the ≥2 threshold. A validation query shows there are 4 such properties.",SELECT COUNT(*)  FROM (   SELECT property_id   FROM Property_Features   GROUP BY property_id   HAVING COUNT(*) >= 2  );
1447,real_estate_rentals,Count the number of properties with at least two features.,SELECT count(*) FROM Properties GROUP BY property_id HAVING count(*) >= 2;,"The count of features per property is stored in Property_Features. We must group by property_id in that table, filter groups having COUNT(*) ≥ 2, then count those property_ids. The annotated query ignores this table and thus yields an empty or wrong result.",SELECT COUNT(*)  FROM (   SELECT property_id   FROM Property_Features   GROUP BY property_id   HAVING COUNT(*) >= 2  );
1449,real_estate_rentals,Count the number of property photos each property has by id.,"SELECT count(*) , property_id FROM Property_Photos GROUP BY property_id;","However the English wording could also imply we want all properties, including those with zero photos; that would need a LEFT JOIN from Properties and COUNT(pp.photo_seq). Therefore the question allows two reasonable interpretations, making it ambiguous.","SELECT p.property_id, COUNT(pp.photo_seq) AS photo_count  FROM Properties AS p  LEFT JOIN Property_Photos AS pp ON p.property_id = pp.property_id  GROUP BY p.property_id;"
1450,real_estate_rentals,How many photos does each owner has of his or her properties? List user id and number of photos.,"SELECT T1.owner_user_id , count(*) FROM Properties AS T1 JOIN Property_Photos AS T2 ON T1.property_id = T2.property_id GROUP BY T1.owner_user_id;","Because an inner join is used, owners whose properties have no photos are excluded. That matches one plausible reading of the question but not another; hence ambiguity. No schema violations or grouping errors are present.","SELECT P.owner_user_id,   COALESCE(COUNT(T2.photo_seq),0) AS photo_count  FROM Properties AS P  LEFT JOIN Property_Photos AS T2 ON P.property_id = T2.property_id  GROUP BY P.owner_user_id;"
1486,bike_racing,How many bikes does each cyclist own? Order by cyclist id.,"SELECT cyclist_id , count(*) FROM cyclists_own_bikes GROUP BY cyclist_id ORDER BY cyclist_id","However, the wording “each cyclist” could reasonably be interpreted to include cyclists who own zero bikes; those people would be missing from the result because the query only selects from cyclists_own_bikes. Hence the task’s intent is ambiguous.","SELECT c.id AS cyclist_id,   COUNT(cb.bike_id) AS bike_count  FROM cyclist AS c  LEFT JOIN cyclists_own_bikes AS cb   ON c.id = cb.cyclist_id  GROUP BY c.id  ORDER BY c.id;"
1489,bakery_1,What is the cheapest cookie and its flavor?,"SELECT id , flavor FROM goods WHERE food = ""Cookie"" ORDER BY price LIMIT 1","The query restricts to cookies, orders by price and returns only the first row. In the data there are two cookies tied at the minimum price (0.79). By using ORDER BY Price LIMIT 1 the query arbitrarily chooses one of them, so it does not always return the complete answer asked for. A query that uses a WHERE Price = (SELECT MIN(Price) …) condition would return every cookie that is cheapest. Because the question is phrased in the singular it is unclear whether the user expects one arbitrary cookie or all cookies with the lowest price, making the question itself ambiguous.","SELECT Id, Flavor FROM goods WHERE Food = 'Cookie' AND Price = (SELECT MIN(Price) FROM goods WHERE Food = 'Cookie');"
1490,bakery_1,What is the id and flavor of the cheapest cookie?,"SELECT id , flavor FROM goods WHERE food = ""Cookie"" ORDER BY price LIMIT 1","The annotated query restricts rows to cookies, sorts by price ascending and returns only the first row (LIMIT 1). In the data there are two cookies whose price equals the minimum value (0.79). Returning a single arbitrary row omits the other equally-cheap cookie, so the query does not completely answer “What is the id and flavor of the cheapest cookie?”","SELECT Id, Flavor  FROM goods  WHERE Food = 'Cookie'   AND Price = (   SELECT MIN(Price)   FROM goods   WHERE Food = 'Cookie'   );"
1503,bakery_1,How many types of Cake does this bakery sell?,"SELECT count(*) FROM goods WHERE food = ""Cake""","The annotated query counts every row in goods where Food = 'Cake'. That gives the number of product records, not necessarily the number of different cake varieties. If the bakery stocked the same flavour in several sizes, those would appear as multiple rows with different Ids and the query would over-count. Hence the logic does not faithfully answer “how many types of Cake” unless we assume one row per flavour, which the schema does not guarantee. Because ""type"" could mean either “each product code” or “each flavour,” the question itself is ambiguous.",SELECT COUNT(DISTINCT Flavor)  FROM goods  WHERE Food = 'Cake';
1513,bakery_1,Find all the receipt numbers in which customer with last name LOGAN purchased Croissant.,"SELECT T1.ReceiptNumber FROM receipts AS T1 JOIN items AS T2 ON T1.ReceiptNumber = T2.receipt JOIN goods AS T3 ON T2.item = T3.id JOIN customers AS T4 ON T4.Id = T1.CustomerId WHERE T3.food = ""Croissant"" AND T4.LastName = 'LOGAN'","The query joins the necessary tables and applies the right filters (customers with last name LOGAN who bought goods where Food = 'Croissant'). However, it selects T1.ReceiptNumber without DISTINCT or GROUP BY, so if a receipt contains multiple croissant line-items the same receipt appears multiple times. This already occurs in the data (receipt 86085 shows twice).",SELECT DISTINCT T1.ReceiptNumber  FROM receipts AS T1  JOIN customers AS T4 ON T4.Id = T1.CustomerId  JOIN items AS T2 ON T2.Receipt = T1.ReceiptNumber  JOIN goods AS T3 ON T3.Id = T2.Item  WHERE T4.LastName = 'LOGAN'   AND T3.Food = 'Croissant';
1514,bakery_1,What are the receipt numbers for a customer with the last name Logan who purchased a croissant?,"SELECT T1.ReceiptNumber FROM receipts AS T1 JOIN items AS T2 ON T1.ReceiptNumber = T2.receipt JOIN goods AS T3 ON T2.item = T3.id JOIN customers AS T4 ON T4.Id = T1.CustomerId WHERE T3.food = ""Croissant"" AND T4.LastName = 'LOGAN'","The query joins the necessary tables and applies the right filters (customers with last name LOGAN who bought goods where Food = 'Croissant'). However, it selects T1.ReceiptNumber without DISTINCT or GROUP BY, so if a receipt contains multiple croissant line-items the same receipt appears multiple times. This already occurs in the data (receipt 86085 shows twice).",SELECT DISTINCT r.ReceiptNumber  FROM receipts AS r  JOIN customers AS c ON c.Id = r.CustomerId  JOIN items AS i ON i.Receipt = r.ReceiptNumber  JOIN goods AS g ON g.Id = i.Item  WHERE c.LastName = 'LOGAN'   AND g.Food = 'Croissant';
1515,bakery_1,What is the receipt number and date of the receipt in which the most expensive item was bought?,"SELECT T1.ReceiptNumber , T1.Date FROM receipts AS T1 JOIN items AS T2 ON T1.ReceiptNumber = T2.receipt JOIN goods AS T3 ON T2.item = T3.id ORDER BY T3.price DESC LIMIT 1","The query joins receipts-items-goods and orders by price DESC LIMIT 1, therefore returns only a single row. However 42 different receipts contain an item whose price equals the maximum price (15.95). Which one is returned is arbitrary because rows that tie on price have no further ordering; hence the result is incomplete and not deterministically correct.","SELECT DISTINCT r.ReceiptNumber, r.Date   FROM receipts r   JOIN items i ON r.ReceiptNumber = i.Receipt   JOIN goods g ON i.Item = g.Id   WHERE g.Price = (SELECT MAX(Price) FROM goods);"
1530,bakery_1,Give the distinct ids for goods that cost less than any Tart.,"SELECT DISTINCT id FROM goods WHERE price < (SELECT max(price) FROM goods WHERE food = ""Tart"")","The phrase “less than any Tart” means the good must be cheaper than every tart, i.e. its price must be lower than the minimum tart price. The annotated query instead compares with the maximum tart price:     price < (SELECT MAX(price) …)    This condition lets in goods whose price is below only the highest–priced tart, and therefore may include items priced equal to some tarts or even higher than the cheapest tart. For instance, with tart prices 3.25 and 3.75, a good priced 3.25 is returned by the annotated query even though it is not cheaper than all tarts.",SELECT DISTINCT Id  FROM goods  WHERE Price < (   SELECT MIN(Price)   FROM goods   WHERE Food = 'Tart'  );
1545,bakery_1,Find all receipts which has the latest date. Also tell me that date.,"SELECT ReceiptNumber , date FROM receipts WHERE date = (SELECT date FROM receipts ORDER BY date DESC LIMIT 1)","The Date column is stored as strings such as '31-Oct-2007'. A simple ORDER BY Date DESC or MAX(Date) compares the strings character-by-character. Because '9' is greater than '3', '2', etc., the value '9-Oct-2007' is considered larger than '31-Oct-2007', so the annotated query selects the wrong date and receipts. To find the chronologically latest date we must convert the textual day (and, in a broader case, month and year) to a numeric value before comparing. After converting the day part to an integer (all rows are October 2007 in this data set) the correct latest day is 31, and the correct receipts are the ones dated '31-Oct-2007'.","SELECT ReceiptNumber,   Date  FROM receipts  WHERE CAST(SUBSTR(Date,1,INSTR(Date, '-')-1) AS INTEGER) =   (SELECT MAX(CAST(SUBSTR(Date,1,INSTR(Date, '-')-1) AS INTEGER))   FROM receipts);"
1549,bakery_1,What are the ids of Cookie and Cake that cost between 3 and 7 dollars.,"SELECT id FROM goods WHERE food = ""Cookie"" OR food = ""Cake"" AND price BETWEEN 3 AND 7","The annotated condition is parsed as (food = 'Cookie') OR (food = 'Cake' AND price BETWEEN 3 AND 7). This returns all Cookies, even those cheaper than 3 or more expensive than 7. Correct logic needs parentheses (or IN) so the price filter applies to both food types. The rest of the query matches the schema; DISTINCT is unnecessary because Id is the primary key.","SELECT Id  FROM goods  WHERE Food IN ('Cookie','Cake')   AND Price BETWEEN 3 AND 7;"
1550,bakery_1,Give the ids of Cookies or Cakes that cost between 3 and 7 dollars.,"SELECT id FROM goods WHERE food = ""Cookie"" OR food = ""Cake"" AND price BETWEEN 3 AND 7","The question requests the ids of goods whose Food is either ""Cookie"" or ""Cake"" and whose Price is between 3 and 7 dollars (inclusive).   In SQL, AND is evaluated before OR. Therefore the annotated query    SELECT id  FROM goods  WHERE food = 'Cookie' OR food = 'Cake' AND price BETWEEN 3 AND 7;    is parsed as    (food = 'Cookie') OR (food = 'Cake' AND price BETWEEN 3 AND 7)    This returns all Cookies regardless of their price plus only those Cakes priced between 3 and 7. As a result, many rows that do not satisfy the price requirement are included, so the query does not correctly answer the question.",SELECT Id  FROM goods  WHERE (Food = 'Cookie' OR Food = 'Cake')   AND Price BETWEEN 3 AND 7;
1573,bakery_1,What are the ids of goods whose price is above twice the average price of all goods?,SELECT id FROM goods WHERE price > (SELECT avg(price) FROM goods),"The question asks for ""ids of goods whose price is above twice the average price of all goods"". The annotated SQL only compares Price to the average price, lacking the required multiplication by 2, so it returns every item priced above the single‐average value rather than above twice that average. Schema usage, table, and column names are correct, but the core condition is wrong; therefore the query does not answer the question. The wording of the question is clear and leaves no alternative interpretation, hence it is not ambiguous.",SELECT Id  FROM goods  WHERE Price > 2 * (SELECT AVG(Price) FROM goods);
1574,bakery_1,Give the ids of goods that are more than twice as expensive as the average good.,SELECT id FROM goods WHERE price > (SELECT avg(price) FROM goods),"The question asks for ""ids of goods whose price is above twice the average price of all goods"". The annotated SQL only compares Price to the average price, lacking the required multiplication by 2, so it returns every item priced above the single‐average value rather than above twice that average. Schema usage, table, and column names are correct, but the core condition is wrong; therefore the query does not answer the question. The wording of the question is clear and leaves no alternative interpretation, hence it is not ambiguous.",SELECT Id  FROM goods  WHERE Price > 2 * (SELECT AVG(Price) FROM goods);
1579,bakery_1,Find all the items that have chocolate flavor but were not bought more than 10 times.,"SELECT DISTINCT T1.item FROM items AS T1 JOIN goods AS T2 ON T1.item = T2.id WHERE T2.flavor = ""Chocolate"" GROUP BY item HAVING count(*) <= 10","The INNER JOIN between items and goods keeps only rows that appear in items, so any chocolate good with zero sales is excluded. In the data this drops id 20-BC-C-10 (flavor = Chocolate, purchases = 0). Therefore the annotated query does not return the full correct set. Other logic (filter on flavor, grouping, ≤10 condition) is fine; DISTINCT is redundant but harmless.",SELECT g.id  FROM goods AS g  LEFT JOIN items AS i ON i.item = g.id  WHERE g.flavor = 'Chocolate'  GROUP BY g.id  HAVING COUNT(i.item) <= 10;
1580,bakery_1,What are the items with chocolate flavor that were purchased at most 10 times.,"SELECT DISTINCT T1.item FROM items AS T1 JOIN goods AS T2 ON T1.item = T2.id WHERE T2.flavor = ""Chocolate"" GROUP BY item HAVING count(*) <= 10","The INNER JOIN between items and goods keeps only rows that appear in items, so any chocolate good with zero sales is excluded. In the data this drops id 20-BC-C-10 (flavor = Chocolate, purchases = 0). Therefore the annotated query does not return the full correct set. Other logic (filter on flavor, grouping, ≤10 condition) is fine; DISTINCT is redundant but harmless.",SELECT g.id  FROM goods AS g  LEFT JOIN items AS i ON i.item = g.id  WHERE g.flavor = 'Chocolate'  GROUP BY g.id  HAVING COUNT(i.item) <= 10;
1601,car_racing,Find the make that has more than one team.,SELECT make FROM team GROUP BY team HAVING count(*) > 1,"The question asks for the car ""Make"" values that appear in more than one row of the Team table (i.e., makes shared by multiple teams). To obtain this we must count rows grouped by the Make column. The annotator instead grouped by the Team column:   SELECT make FROM team GROUP BY team HAVING count(*) > 1  Because every Team value is unique, each group has count 1, so the HAVING condition fails and the query returns an empty set. Moreover, projecting make while grouping by team violates standard SQL rules (SQLite allows it but picks an arbitrary value).    A correct query is:   SELECT Make FROM team GROUP BY Make HAVING COUNT(*) > 1;  This returns the makes that have more than one associated team, as confirmed by a test query showing counts (e.g., 'Pontiac Grand Prix', 'Chevrolet Monte Carlo', etc.).",SELECT Make FROM team GROUP BY Make HAVING COUNT(*) > 1;
1602,car_racing,Which make has more than one team?,SELECT make FROM team GROUP BY team HAVING count(*) > 1,"The question asks for the car make(s) that belong to more than one team. To obtain this we must count the number of rows per Make in the team table and keep only those with a count greater than 1. The annotated query groups by team (team name) instead of by Make, so every group has exactly one row, resulting in zero rows returned. Thus it does not answer the question.",SELECT Make  FROM team  GROUP BY Make  HAVING COUNT(*) > 1;
1605,car_racing,What are the maximum and minimum points of drivers.,"SELECT max(Points) , min(Points) FROM driver","The query syntactically runs on the correct table but Points is stored as TEXT in the schema. Using MAX/MIN on a text column performs lexicographic, not numeric, comparison, so the values returned may be wrong (e.g. '99' > '100'). The intent of the question is clearly to find the numeric maximum and minimum points scored by any driver, therefore a cast to a numeric type is required.","SELECT MAX(CAST(Points AS INTEGER)) AS max_points,   MIN(CAST(Points AS INTEGER)) AS min_points  FROM driver;"
1606,car_racing,Find the highest and lowest points of drivers.,"SELECT max(Points) , min(Points) FROM driver","The query uses MAX() and MIN() directly on the column Points, which is declared as TEXT. In SQLite string comparison is lexicographic, so the extremes it returns are based on the text ordering, not the numeric value. That happens to work only when every value has the same string length (e.g., all three-digit strings as in the sample), but will fail for any future data such as ‘99’ or ‘1000’. Therefore the annotated query is not logically reliable for the task. The question itself is clear and unambiguous.","SELECT   MAX(CAST(Points AS INTEGER)) AS highest_points,   MIN(CAST(Points AS INTEGER)) AS lowest_points  FROM driver;"
1611,car_racing,List all the driver names in descending order of points.,SELECT Driver FROM driver ORDER BY Points DESC,"The query lists driver names in descending order of the Points column, but Points is stored as TEXT in the schema. Ordering a text field sorts lexicographically, not numerically, so values such as '1000' would be placed before '999' when the correct numeric order is the opposite. To guarantee correct ranking by points, the column must be cast (or converted) to an integer for sorting. The current query therefore does not reliably satisfy the question’s requirement, even though it appears to work on the present sample where all values have the same length.",SELECT Driver  FROM driver  ORDER BY CAST(Points AS INTEGER) DESC;
1612,car_racing,What is the list of drivers ordered by points in descending order?,SELECT Driver FROM driver ORDER BY Points DESC,"The query lists driver names in descending order of the Points column, but Points is stored as TEXT in the schema. Ordering a text field sorts lexicographically, not numerically, so values such as '1000' would be placed before '999' when the correct numeric order is the opposite. To guarantee correct ranking by points, the column must be cast (or converted) to an integer for sorting. The current query therefore does not reliably satisfy the question’s requirement, even though it appears to work on the present sample where all values have the same length.",SELECT Driver  FROM driver  ORDER BY CAST(Points AS INTEGER) DESC;
1619,car_racing,What are the countries that have drivers with points larger than 150?,SELECT T1.Country FROM country AS T1 JOIN driver AS T2 ON T1.Country_ID = T2.Country WHERE T2.Points > 150,Should  cast Points to INTEGER,SELECT DISTINCT c.Country  FROM country AS c  JOIN driver AS d   ON c.Country_Id = d.Country  WHERE CAST(d.Points AS INTEGER) > 150;
1620,car_racing,Find all the countries where some drivers have points above 150.,SELECT T1.Country FROM country AS T1 JOIN driver AS T2 ON T1.Country_ID = T2.Country WHERE T2.Points > 150,Should  cast Points to INTEGER,SELECT DISTINCT c.Country  FROM country AS c  JOIN driver AS d ON d.Country = c.Country_Id  WHERE CAST(d.Points AS NUMERIC) > 150;
1621,car_racing,What is the capital of the country where the driver with the most points is from?,SELECT T1.Capital FROM country AS T1 JOIN driver AS T2 ON T1.Country_ID = T2.Country ORDER BY T2.Points DESC LIMIT 1,"The query joins country and driver, orders by driver.Points (declared as TEXT) in descending order and returns the first record. Because the ordering is lexicographic, the highest-text value (e.g. '9' > '80' > '100') is not guaranteed to be the numerically largest, so the chosen driver may not actually have the most points. Furthermore, if several drivers share the numeric maximum the query arbitrarily returns one because of LIMIT 1. Therefore it does not reliably answer the question.",SELECT c.Capital  FROM driver d  JOIN country c ON c.Country_Id = d.Country  WHERE CAST(d.Points AS INTEGER) = (   SELECT MAX(CAST(Points AS INTEGER))   FROM driver);
1622,car_racing,Which country is the driver with the highest points from? Give me the capital of the country.,SELECT T1.Capital FROM country AS T1 JOIN driver AS T2 ON T1.Country_ID = T2.Country ORDER BY T2.Points DESC LIMIT 1,"The query joins country and driver, orders by driver.Points (declared as TEXT) in descending order and returns the first record. Because the ordering is lexicographic, the highest-text value (e.g. '9' > '80' > '100') is not guaranteed to be the numerically largest, so the chosen driver may not actually have the most points. Furthermore, if several drivers share the numeric maximum the query arbitrarily returns one because of LIMIT 1. Therefore it does not reliably answer the question.",SELECT c.Capital  FROM driver d  JOIN country c ON c.Country_Id = d.Country  WHERE CAST(d.Points AS INTEGER) = (   SELECT MAX(CAST(Points AS INTEGER))   FROM driver);
1695,warehouse_1,Find the content that has the highest total values in all boxes.,SELECT CONTENTS FROM boxes ORDER BY value DESC LIMIT 1,The task requires aggregating values for each Contents and then selecting the content with the maximum aggregate. The provided query    SELECT CONTENTS FROM Boxes ORDER BY Value DESC LIMIT 1;    performs no aggregation; it simply returns the box with the highest individual Value.,SELECT Contents  FROM Boxes  GROUP BY Contents  ORDER BY SUM(Value) DESC  LIMIT 1;
1703,warehouse_1,Find all distinct locations of warehouses.,SELECT count(DISTINCT LOCATION) FROM warehouses,"The question asks for the list of distinct warehouse locations. The annotated query instead returns the COUNT of those distinct locations, producing a single number instead of the requested set of values. Therefore it does not answer the question.",SELECT DISTINCT Location FROM Warehouses;
1704,warehouse_1,What are the different locations of warehouses?,SELECT count(DISTINCT LOCATION) FROM warehouses,"The question asks for the list of warehouse locations (""what are the different locations""). The annotated query uses COUNT(DISTINCT Location), which returns only the number of unique locations, not the locations themselves, so it does not answer the question.",SELECT DISTINCT Location  FROM Warehouses;
1709,warehouse_1,Find all contents present in warehouses located in Chicago and those located in New York.,SELECT T1.contents FROM boxes AS T1 JOIN warehouses AS T2 ON T1.warehouse = T2.code WHERE T2.location = 'Chicago' INTERSECT SELECT T1.contents FROM boxes AS T1 JOIN warehouses AS T2 ON T1.warehouse = T2.code WHERE T2.location = 'New York',"The annotated SQL uses INTERSECT between the two sub-queries. Thus it keeps only contents that appear in both cities. In the sample data that yields {‘Rocks’, ‘Papers’}. If the intent is to list everything stored in any warehouse whose location is either Chicago or New York, the correct operation is UNION (or a single IN filter). Using that logic we would also return ‘Scissors’. Because of this mismatch, the annotated query is not correct. The question itself is mildly ambiguous, but usual reading leans toward union.","SELECT DISTINCT b.Contents  FROM Boxes AS b  JOIN Warehouses AS w ON b.Warehouse = w.Code  WHERE w.Location IN ('Chicago', 'New York');"
1713,warehouse_1,Find the location of the warehouses which have contents Rocks but not Scissors.,SELECT T2.location FROM boxes AS T1 JOIN warehouses AS T2 ON T1.warehouse = T2.code WHERE T1.contents = 'Rocks' EXCEPT SELECT T2.location FROM boxes AS T1 JOIN warehouses AS T2 ON T1.warehouse = T2.code WHERE T1.contents = 'Scissors',"The annotated query subtracts two sets of *locations*:  1. locations of any warehouse that stores Rocks  2. locations of any warehouse that stores Scissors  If two different warehouses share the same Location value (e.g., two Chicago warehouses) and only one of them contains Scissors, the EXCEPT removes the location completely, even though the other warehouse satisfies the requirement “has Rocks but not Scissors.” Therefore the logic is wrong whenever locations are not unique identifiers for warehouses.",SELECT w.Location  FROM Warehouses AS w  WHERE EXISTS (SELECT 1   FROM Boxes AS b   WHERE b.Warehouse = w.Code   AND b.Contents = 'Rocks')   AND NOT EXISTS (SELECT 1   FROM Boxes AS b   WHERE b.Warehouse = w.Code   AND b.Contents = 'Scissors');
1714,warehouse_1,What are the locations of warehouses that have boxes containing Rocks but not Scissors?,SELECT T2.location FROM boxes AS T1 JOIN warehouses AS T2 ON T1.warehouse = T2.code WHERE T1.contents = 'Rocks' EXCEPT SELECT T2.location FROM boxes AS T1 JOIN warehouses AS T2 ON T1.warehouse = T2.code WHERE T1.contents = 'Scissors',"The question asks for the locations of those individual warehouses that contain at least one box with ""Rocks"" and **no** boxes with ""Scissors"". The annotated query, however, operates at the Location level: it first selects all locations where **any** warehouse has Rocks and then subtracts all locations where **any** warehouse has Scissors. If two warehouses share the same location and only one of them contains Scissors, that location would be wrongly excluded even if another warehouse at that same location satisfies the Rocks-but-no-Scissors condition.",SELECT DISTINCT w.Location  FROM Warehouses AS w  WHERE EXISTS (SELECT 1   FROM Boxes b   WHERE b.Warehouse = w.Code   AND b.Contents = 'Rocks')   AND NOT EXISTS (SELECT 1   FROM Boxes b   WHERE b.Warehouse = w.Code   AND b.Contents = 'Scissors');
1717,warehouse_1,Find the location of the warehouses which store contents Rocks and Scissors.,SELECT T2.location FROM boxes AS T1 JOIN warehouses AS T2 ON T1.warehouse = T2.code WHERE T1.contents = 'Rocks' INTERSECT SELECT T2.location FROM boxes AS T1 JOIN warehouses AS T2 ON T1.warehouse = T2.code WHERE T1.contents = 'Scissors',"The annotated query intersects locations of warehouses that hold 'Rocks' with locations of warehouses that hold 'Scissors'. Since several different warehouses can share the same Location string, the INTERSECT may return a location where one warehouse stores Rocks and a different warehouse stores Scissors, producing false-positive answers. The requirement is that one and the same warehouse (same Code) must contain BOTH items. Therefore the query is logically incorrect although it uses valid table/column names. The question itself is clear and needs no reformulation.",SELECT DISTINCT w.Location  FROM Warehouses AS w  JOIN Boxes AS b1 ON w.Code = b1.Warehouse AND b1.Contents = 'Rocks'  JOIN Boxes AS b2 ON w.Code = b2.Warehouse AND b2.Contents = 'Scissors';
1718,warehouse_1,What are the locations of warehouses in which boxes that contain Rocks and Scissors are kept?,SELECT T2.location FROM boxes AS T1 JOIN warehouses AS T2 ON T1.warehouse = T2.code WHERE T1.contents = 'Rocks' INTERSECT SELECT T2.location FROM boxes AS T1 JOIN warehouses AS T2 ON T1.warehouse = T2.code WHERE T1.contents = 'Scissors',"The query intersects on location, not on the individual warehouse code. If two different warehouses share the same location string—one holding only Rocks, the other only Scissors—the location will appear in both sub-queries and thus in the INTERSECT result even though no single warehouse actually contains both kinds of boxes. Hence the query can return false positives. Because the schema does not guarantee uniqueness of Location, the logic is unsafe.   The English question itself is also somewhat ambiguous: it could mean warehouses that hold at least one box of Rocks and at least one box of Scissors, or warehouses that hold a single box whose contents include both items. With the given schema (one content value per box) the first interpretation is most plausible, but the wording allows both.",SELECT DISTINCT w.Location  FROM Warehouses AS w  WHERE w.Code IN (   SELECT b.Warehouse FROM Boxes b WHERE b.Contents = 'Rocks'   INTERSECT   SELECT b.Warehouse FROM Boxes b WHERE b.Contents = 'Scissors'  );
1727,warehouse_1,Find the code of all boxes whose value is higher than the value of any boxes with Rocks as content.,SELECT code FROM boxes WHERE value > (SELECT min(value) FROM boxes WHERE CONTENTS = 'Rocks'),"The query returns all boxes whose value is greater than the MIN value of the boxes that contain Rocks. In other words, it finds boxes that are more expensive than at least one rock-box. The natural reading of the question, however, is “higher than every rock box”, i.e. a value strictly greater than the maximum value among rock boxes ( > ALL). Therefore the correct comparison should be against MAX(value) (or use > ALL sub-query). Because of the English phrase “any boxes”, the requirement itself can be interpreted in two ways ( > MAX or > MIN ), so the question is ambiguous, but under the most common interpretation (> MAX) the annotated SQL is incorrect.",SELECT code  FROM Boxes  WHERE value > (SELECT MAX(value) FROM Boxes WHERE Contents = 'Rocks');
1728,warehouse_1,What are the codes of boxes for which the value is greater than the value of any box that contains Rocks?,SELECT code FROM boxes WHERE value > (SELECT min(value) FROM boxes WHERE CONTENTS = 'Rocks'),"The question asks for boxes whose value exceeds the value of any (i.e., every) box containing Rocks. To satisfy this, a box’s value must be larger than the maximum value among all Rock boxes (equivalent to the > ALL predicate). The submitted query instead compares each box’s value with the MIN value of Rock boxes, returning boxes that are merely greater than at least one Rock box. If there are Rock boxes with differing values, the query will wrongly include boxes whose value is not greater than the highest-valued Rock box, so it does not reliably answer the question. Additionally, the wording “any” can be interpreted as “at least one,” creating ambiguity in the requirement.",SELECT code  FROM Boxes  WHERE value > (SELECT MAX(value) FROM Boxes WHERE Contents = 'Rocks');
1731,warehouse_1,Find the total value of boxes stored in the warehouse with the largest capacity.,SELECT sum(T1.value) FROM boxes AS T1 JOIN warehouses AS T2 ON T1.warehouse = T2.code ORDER BY T2.capacity DESC LIMIT 1,"The annotated query aggregates all joined rows first (SUM over every box) and therefore always returns a single row. Because the aggregation happens before ORDER BY, the later ORDER BY T2.capacity has no effect—SQLite will still output the single aggregated row. LIMIT 1 likewise does not filter anything. Hence the result is the sum of values of boxes in ALL warehouses, not just the warehouse with the largest capacity, so the query does not answer the question.    A correct approach is:  1. Determine the warehouse(s) whose capacity equals the maximum capacity.  2. Sum the Value of boxes whose Warehouse code matches those warehouse(s).",SELECT SUM(b.Value) FROM Boxes AS b WHERE b.Warehouse IN ( SELECT w.Code FROM Warehouses AS w WHERE w.Capacity = (SELECT MAX(Capacity) FROM Warehouses) );
1732,warehouse_1,What is the total value of boxes kept in the warehouse with the greatest capacity?,SELECT sum(T1.value) FROM boxes AS T1 JOIN warehouses AS T2 ON T1.warehouse = T2.code ORDER BY T2.capacity DESC LIMIT 1,"The annotated query calculates SUM(Value) over every row from Boxes joined to Warehouses, because no filter or grouping is applied before the aggregation. Therefore it returns the total value of all boxes, not just those stored in the warehouse(s) having the greatest Capacity. The ORDER BY T2.capacity DESC LIMIT 1 is evaluated after aggregation (there is only one output row) so it does not restrict the rows contributing to the SUM; in SQLite it is effectively ignored. It also fails to handle ties for the maximum capacity. Hence the query does not answer the question, while the question itself is clear and has a single interpretation.",SELECT SUM(b.Value)  FROM Boxes AS b  WHERE b.Warehouse IN (   SELECT Code   FROM Warehouses   WHERE Capacity = (SELECT MAX(Capacity) FROM Warehouses)  );
1745,warehouse_1,Find the number of different locations where Rocks are stored.,SELECT count(DISTINCT LOCATION) FROM boxes AS T1 JOIN warehouses AS T2 ON T1.warehouse = T2.code WHERE T1.contents = 'Rocks',"The question asks for the number of distinct warehouses where at least one box contains “Rocks”. Warehouses are uniquely identified by the column Code, which is stored in Boxes.Warehouse. The annotated query instead counts distinct Location values taken from the Warehouses table. Different warehouses can share the same location, so counting locations can under-estimate the true number of warehouses. Therefore the annotated query does not always return the correct answer. A join to Warehouses is unnecessary; the information is already in Boxes.",SELECT COUNT(DISTINCT Warehouse)  FROM Boxes  WHERE Contents = 'Rocks';
1746,warehouse_1,In how many different warehouses are Rocks stored within boxes?,SELECT count(DISTINCT LOCATION) FROM boxes AS T1 JOIN warehouses AS T2 ON T1.warehouse = T2.code WHERE T1.contents = 'Rocks',"The question asks for the number of distinct warehouses where at least one box contains “Rocks”. Warehouses are uniquely identified by the column Code, which is stored in Boxes.Warehouse. The annotated query instead counts distinct Location values taken from the Warehouses table. Different warehouses can share the same location, so counting locations can under-estimate the true number of warehouses. Therefore the annotated query does not always return the correct answer. A join to Warehouses is unnecessary; the information is already in Boxes.",SELECT COUNT(DISTINCT Warehouse)  FROM Boxes  WHERE Contents = 'Rocks';
1783,university_rank,What is the name of the university that has most number of majors with rank 1?,SELECT T2.university_name FROM Major_Ranking AS T1 JOIN University AS T2 ON T1.university_id = T2.university_id WHERE T1.rank = 1 GROUP BY T2.university_name ORDER BY count(*) DESC LIMIT 1,"The query counts majors with rank 1 per university, orders by that count descending, and limits to 1. If there is a unique university with the highest count, the query is fine, but in the given data three universities each have the same maximum count (1). By using LIMIT 1 the query arbitrarily drops the other equally-qualified universities, so it does not always return the full correct answer set. Therefore it is logically incorrect. The question itself is ambiguous because it uses the singular ""the university"" while ties are possible; the required behaviour in case of ties is not specified.","WITH cnt AS (   SELECT U.University_Name, COUNT(*) AS c   FROM major_ranking MR   JOIN university U ON MR.University_ID = U.University_ID   WHERE MR.Rank = 1   GROUP BY U.University_ID  )  SELECT University_Name  FROM cnt  WHERE c = (SELECT MAX(c) FROM cnt);"
1784,university_rank,What is the name of the university with the most majors ranked number 1?,SELECT T2.university_name FROM Major_Ranking AS T1 JOIN University AS T2 ON T1.university_id = T2.university_id WHERE T1.rank = 1 GROUP BY T2.university_name ORDER BY count(*) DESC LIMIT 1,"The query counts how many majors each university has with rank = 1, sorts by that count descending and keeps only the first row (LIMIT 1). In the current data three universities each have exactly one #1-ranked major, so there is a tie for the maximum. Because the query arbitrarily drops the other tied universities it does not deterministically answer the question. Therefore it is logically incomplete/incorrect. The question itself is ambiguous because it asks for a single university even though several share the maximum.",SELECT U.University_Name  FROM major_ranking MR  JOIN university U ON MR.University_ID = U.University_ID  WHERE MR.Rank = 1  GROUP BY U.University_ID  HAVING COUNT(*) = (   SELECT MAX(cnt)   FROM (   SELECT COUNT(*) AS cnt   FROM major_ranking   WHERE Rank = 1   GROUP BY University_ID   )  );
1803,movie_2,Find the titles of movies that don’t have any rating.,SELECT title FROM movies WHERE rating = 'null',"The annotated query tests rating = 'null', which compares the column to the literal string “null”. SQL NULL values must be checked with the predicate IS NULL; comparisons with = never match NULLs. Therefore rows where rating is actually NULL (the situation the question asks about) will not be returned, so the query is incorrect. The question itself is clear and unambiguous— it asks for movies that have no rating recorded.",SELECT Title  FROM Movies  WHERE Rating IS NULL;
1804,movie_2,What are the names of movies that do not have any ratings?,SELECT title FROM movies WHERE rating = 'null',"The question asks for movie names whose rating value is missing (NULL). In the schema, unrated movies have Rating = NULL. The annotated query uses rating = 'null', which compares the column to the literal string 'null'. Since actual NULLs never equal any value, this condition is always false and the query returns an empty set, thus failing to answer the question.",SELECT Title FROM Movies WHERE Rating IS NULL;
1821,movie_2,Find the name of the cinemas that are playing movies with either rating ‘G’ or rating ‘PG’.,SELECT title FROM movies WHERE rating = 'G' OR rating = 'PG',"Cinema names are stored in MovieTheaters.Name. To know which cinemas show a given rating we must join MovieTheaters to Movies via MovieTheaters.Movie = Movies.Code, then filter ratings to ('G','PG'). The annotated query omits the join and selects Movies.Title instead of MovieTheaters.Name. Consequently it fails to answer the question.","SELECT DISTINCT MovieTheaters.Name  FROM MovieTheaters  JOIN Movies ON MovieTheaters.Movie = Movies.Code  WHERE Movies.Rating IN ('G', 'PG');"
1822,movie_2,What are the names of the movie theaters that are playing 'G' or 'PG' rated movies?,SELECT title FROM movies WHERE rating = 'G' OR rating = 'PG',"The schema indicates that MovieTheaters.Movie stores a FK to Movies.Code. To obtain theater names we must join MovieTheaters with Movies on these keys and filter by Ratings 'G' or 'PG'. The annotated query only filters Movies and returns title, therefore it is logically incorrect.","SELECT DISTINCT mt.Name  FROM MovieTheaters AS mt  JOIN Movies AS m   ON mt.Movie = m.Code  WHERE m.Rating IN ('G', 'PG');"
1833,movie_2,Find the name of the theater that is playing the most number of movies.,SELECT name FROM movietheaters GROUP BY name ORDER BY count(*) DESC LIMIT 1,"The query groups by name and orders by COUNT(*), but it counts every row whether the Movie column is NULL or not. A theatre that currently plays no movie ( Movie IS NULL ) is therefore counted as “1”, so a theatre that is playing zero movies can tie with – or even beat – theatres that actually play movies. Hence the logic does not reliably identify the theatre that is *playing* the most movies.    Furthermore, if several theatres really do share the maximum count the query returns only one of them without a deterministic tie-breaker, so the result is non-deterministic across engines or runs and can disagree with the expected answer.    A correct solution should count only non-NULL Movie values (using COUNT(Movie) or WHERE Movie IS NOT NULL) and, ideally, return all theatres that tie for the maximum or add a secondary, deterministic order key.","WITH counts AS (   SELECT Name, COUNT(Movie) AS movie_cnt   FROM MovieTheaters   GROUP BY Name  )  SELECT Name  FROM counts  WHERE movie_cnt = (SELECT MAX(movie_cnt) FROM counts)  ORDER BY Name;"
1834,movie_2,What is the name of the theater playing the most movies?,SELECT name FROM movietheaters GROUP BY name ORDER BY count(*) DESC LIMIT 1,"The MovieTheaters table contains one row per theatre (verified 6 rows, 6 distinct names). GROUP BY then returns count = 1 for every theatre; ORDER BY … DESC LIMIT 1 just returns the first row encountered, not a unique maximum. If multiple rows per theatre were intended, the schema should reflect a many-to-many relationship. Hence the query is incorrect for the current data and the question itself is ambiguous.","WITH counts AS (   SELECT Name, COUNT(Movie) AS movie_cnt   FROM MovieTheaters   GROUP BY Name  )  SELECT Name  FROM counts  WHERE movie_cnt = (SELECT MAX(movie_cnt) FROM counts)  ORDER BY Name;"
1839,movie_2,Find the number of movies whose rating is not null.,"SELECT count(*) , rating FROM movies WHERE rating != 'null' GROUP BY rating","The question asks for a single number – the total count of movies whose rating value is not NULL. In SQL the special NULL value is tested with IS NOT NULL, not with the string comparison rating != 'null'. The annotated query (1) compares to the literal string 'null', so it will still include rows where rating actually is NULL, and (2) groups by rating, returning one row per distinct rating instead of a single aggregate count. Thus it does not answer the question correctly. The question itself is clear and unambiguous.",SELECT COUNT(*)  FROM Movies  WHERE Rating IS NOT NULL;
1840,movie_2,How many movies have a rating that is not null?,"SELECT count(*) , rating FROM movies WHERE rating != 'null' GROUP BY rating","The question asks for a single number – the total count of movies whose Rating column is not NULL. The annotated query instead:  1. Uses rating != 'null', which compares to the literal string 'null' rather than testing for SQL NULL values, so NULL rows are not excluded correctly.  2. Adds GROUP BY rating, producing one row per distinct non-NULL rating instead of one overall count.  Thus it does not return the requested answer.",SELECT COUNT(*)  FROM Movies  WHERE Rating IS NOT NULL;
1841,movie_2,Find the name of theaters that has at least one movie playing.,SELECT name FROM movietheaters GROUP BY name HAVING count(*) >= 1,"The task is to list theater names that currently show at least one movie. That means the Movie column must be non-NULL and, ideally, reference an existing movie in Movies. The annotated query groups by name and keeps every group because every group’s count is at least 1; it never examines the Movie column nor joins to Movies. Hence it will include theaters with NULL Movie values. A correct query should filter on Movie IS NOT NULL and optionally join to Movies.",SELECT DISTINCT Name  FROM MovieTheaters  WHERE Movie IS NOT NULL;
1842,movie_2,What are the names of every theater with at least one movie playing?,SELECT name FROM movietheaters GROUP BY name HAVING count(*) >= 1,"The query groups by theater name and keeps every group where COUNT(*) ≥ 1. Since COUNT(*) is always at least 1 for any existing group, the HAVING clause never filters anything, so the query simply returns the names of all theaters in the table, including those whose Movie column is NULL (i.e., not currently showing any movie). It therefore fails to enforce the ""at least one movie playing"" requirement. A proper solution must restrict rows to those whose Movie column is non-NULL or that have a matching row in Movies.",SELECT DISTINCT Name  FROM MovieTheaters  WHERE Movie IS NOT NULL;
1843,movie_2,Select the name of all movie theaters that are not currently showing a movie.,SELECT DISTINCT name FROM MovieTheaters WHERE Movie = 'null',"The requirement is to select all theater names where the Movie foreign-key column is empty. In SQL a NULL value must be filtered with IS NULL; using = 'null' only matches rows that literally contain the text ""null"", which is not the intended design. Therefore the annotated query fails. DISTINCT is unnecessary but harmless.",SELECT Name  FROM MovieTheaters  WHERE Movie IS NULL;
1844,movie_2,What are the names of all cinemas not showing any movies?,SELECT DISTINCT name FROM MovieTheaters WHERE Movie = 'null',"In SQL NULL must be tested with IS NULL. Data inspection shows at least one theater with Movie NULL (e.g., Majestic). The annotated query would therefore return an empty set even though qualifying rows exist. DISTINCT is unnecessary.",SELECT Name  FROM MovieTheaters  WHERE Movie IS NULL;
1851,movie_2,Show all information of all unrated movies.,SELECT * FROM movies WHERE rating = 'null',"The Movies table was probed with SELECT DISTINCT rating revealing a NULL value (None in Python output). That means unrated movies are stored with true NULLs. The annotated query uses rating = 'null', which never matches NULLs because in SQL comparisons with NULL yield UNKNOWN, not TRUE. Hence the query fails to return the intended rows. To answer correctly, the predicate must use IS NULL.",SELECT *  FROM Movies  WHERE Rating IS NULL;
1852,movie_2,What is all the information about the unrated movies?,SELECT * FROM movies WHERE rating = 'null',"The query compares rating to the literal string 'null', but unrated movies are stored with SQL NULL, which must be tested with IS NULL. Therefore the annotated query returns no rows even when unrated movies exist. The question clearly asks for all columns of unrated movies, so a straightforward selection of rows whose Rating is NULL answers it unambiguously.",SELECT *  FROM Movies  WHERE Rating IS NULL;
1853,movie_2,Show the titles of movies not currently being shown in any theaters.,SELECT Title FROM Movies WHERE Code NOT IN (SELECT Movie FROM MovieTheaters WHERE Movie != 'null'),"The annotated query attempts to identify movies not shown in any theater by selecting titles whose code is NOT IN the list of MovieTheaters.Movie. However, it removes NULLs from the sub-query with the expression Movie != 'null'. In SQL the keyword NULL is not the string 'null'; in SQLite that string is coerced to 0, so the predicate really tests Movie <> 0, not ""IS NOT NULL"". Consequently the query would exclude any theater row whose Movie value is 0 and could allow NULLs to remain in the NOT IN list. A NULL inside a NOT IN list causes every comparison in the outer query to evaluate to UNKNOWN, potentially returning no rows at all. Therefore the query is not reliable for all valid database states. It also may produce duplicates if a film appears in multiple theaters.",SELECT DISTINCT m.Title  FROM Movies AS m  WHERE m.Code NOT IN (   SELECT mt.Movie   FROM MovieTheaters AS mt   WHERE mt.Movie IS NOT NULL  );
1854,movie_2,What are the names of the movies not being shown in any theaters?,SELECT Title FROM Movies WHERE Code NOT IN (SELECT Movie FROM MovieTheaters WHERE Movie != 'null'),"• Correct logic: return every movie whose Code is absent from MovieTheaters.Movie (ignoring NULLs).  • Annotated query uses Movie != 'null'; the literal 'null' is a string, not the SQL NULL value. SQLite silently converts it to numeric 0, so the predicate is effectively Movie <> 0. This unintentionally excludes any theater row whose Movie code is 0 (if ever present) and does not express the intended IS NOT NULL test.  • Because the comparison with a string evaluates to NULL for the NULL row, that row is filtered out and the current small data set yields the expected answer, but the logic is still incorrect and brittle.  • Proper form: use WHERE Movie IS NOT NULL or rewrite with NOT EXISTS.",SELECT DISTINCT m.Title  FROM Movies AS m  WHERE m.Code NOT IN (   SELECT mt.Movie   FROM MovieTheaters AS mt   WHERE mt.Movie IS NOT NULL  );
1869,planet_1,List all package numbers received by Leo Wong ?,"select t1.packagenumber from package as t1 join client as t2 on t1.recipient = t2.accountnumber where t2.name = ""leo wong"";","The logic of joining Package.Recipient to Client.AccountNumber is correct, but the filter t2.name = ""leo wong"" is case-sensitive in SQLite’s default collation and does not match the stored value ""Leo Wong"". Executing the annotated query yields an empty result, whereas the correct answer should return PackageNumber 1 (and any others that might exist). Therefore the query fails to answer the question.",SELECT p.PackageNumber  FROM Package AS p  JOIN Client AS c ON p.Recipient = c.AccountNumber  WHERE c.Name = 'Leo Wong';
1873,planet_1,Count the number of packages sent by Ogden Wernstrom and received by Leo Wong.,"SELECT T1.PackageNumber FROM PACKAGE AS T1 JOIN Client AS T2 ON T1.Sender = T2.AccountNumber WHERE T2.Name = ""Ogden Wernstrom"" INTERSECT SELECT T1.PackageNumber FROM PACKAGE AS T1 JOIN Client AS T2 ON T1.Recipient = T2.AccountNumber WHERE T2.Name = ""Leo Wong""","The query separately selects all PackageNumber values for packages sent by Ogden and those received by Leo, then INTERSECTS on PackageNumber alone. PackageNumber is unique only within each shipment (duplicates exist across shipments, verified by inspection), so the intersection can match unrelated packages that just share the same number. Moreover, it returns the package numbers instead of their count.",SELECT COUNT(*) AS package_count  FROM Package p  JOIN Client s ON p.Sender = s.AccountNumber  JOIN Client r ON p.Recipient = r.AccountNumber  WHERE s.Name = 'Ogden Wernstrom'   AND r.Name = 'Leo Wong';
1874,planet_1,How many packages sent by Ogden Wernstrom and received by Leo Wong?,"SELECT T1.PackageNumber FROM PACKAGE AS T1 JOIN Client AS T2 ON T1.Sender = T2.AccountNumber WHERE T2.Name = ""Ogden Wernstrom"" INTERSECT SELECT T1.PackageNumber FROM PACKAGE AS T1 JOIN Client AS T2 ON T1.Recipient = T2.AccountNumber WHERE T2.Name = ""Leo Wong""","The question asks for the number (count) of packages whose sender is ""Ogden Wernstrom"" and whose recipient is ""Leo Wong"".     The annotated query:   1. Returns PackageNumber values instead of a count, so it does not directly answer “how many”.   2. Uses INTERSECT between two sets that each project only PackageNumber. Because PackageNumber is only unique within a shipment (the PK is (Shipment, PackageNumber)), two different shipments can share the same package number. Intersecting on that single column can therefore produce false positives or false negatives in a general database, making the logic unreliable.",SELECT COUNT(*)  FROM Package  JOIN Client AS sender ON sender.AccountNumber = Package.Sender  JOIN Client AS recipient ON recipient.AccountNumber = Package.Recipient  WHERE sender.Name = 'Ogden Wernstrom'   AND recipient.Name = 'Leo Wong';
1877,planet_1,What is the heaviest package sent by the clients which 'John' is part of their name? List package number and weight.,"SELECT T1.PackageNumber , max(T1.Weight) FROM PACKAGE AS T1 JOIN Client AS T2 ON T1.Sender = T2.AccountNumber WHERE T2.Name LIKE ""John"";","1. Filtering – T2.Name LIKE ""John"" matches only the exact name “John”. The question requires any name containing the substring, e.g. %John%.  2. Aggregation – The query selects PackageNumber together with MAX(Weight) but omits a GROUP BY. SQLite will choose an arbitrary PackageNumber, so the number is not guaranteed to correspond to the maximum weight, producing wrong results.  3. Multiple maxima – If several packages share the maximum weight, the query should return all of them or otherwise specify a tie-breaking rule; the given query returns at most one arbitrary row.","SELECT p.PackageNumber,   p.Weight  FROM Package p  JOIN Client c ON p.Sender = c.AccountNumber  WHERE c.Name LIKE '%John%'   AND p.Weight = (   SELECT MAX(p2.Weight)   FROM Package p2   JOIN Client c2 ON p2.Sender = c2.AccountNumber   WHERE c2.Name LIKE '%John%'   );"
1878,planet_1,What is the package number and weight of the heaviest package that was sent by a client named John or something similar?,"SELECT T1.PackageNumber , max(T1.Weight) FROM PACKAGE AS T1 JOIN Client AS T2 ON T1.Sender = T2.AccountNumber WHERE T2.Name LIKE ""John"";","1. The query tries to obtain the heaviest package sent by a client whose name is “John”, but it is written as   SELECT T1.PackageNumber , max(T1.Weight)   without a GROUP BY. In SQLite this returns an arbitrary PackageNumber paired with the max weight, so the   PackageNumber is not guaranteed to belong to the heaviest package.  2. The condition T2.Name LIKE ""John"" is equivalent to equality; it does not satisfy the “or something similar”   wording (e.g. “John Smith”, “Johnny”). The proper pattern should include wild-cards such as '%John%'.  3. Therefore the query can return an incorrect (mismatched) PackageNumber or no row at all, and it does not fully   implement the intended filtering.","SELECT p.PackageNumber,   p.Weight  FROM Package p  JOIN Client c ON p.Sender = c.AccountNumber  WHERE c.Name LIKE '%John%'   AND p.Weight = (   SELECT MAX(p2.Weight)   FROM Package p2   JOIN Client c2 ON p2.Sender = c2.AccountNumber   WHERE c2.Name LIKE '%John%'   );"
1882,planet_1,What is the name of the client who sent the most packages and how many were there?,"SELECT T2.Name , count(*) FROM PACKAGE AS T1 JOIN Client AS T2 ON T1.Sender = T2.AccountNumber GROUP BY T1.Sender ORDER BY count(*) DESC LIMIT 1;","The query joins Package with Client, groups by the sender and returns the row with the highest COUNT(*). Logically this finds “a” client with the greatest number of packages and the corresponding count, which matches the literal wording if there is exactly one such client.     However, when two or more clients tie for the maximum, ORDER BY COUNT(*) DESC LIMIT 1 will return an arbitrary one of them because no secondary ordering is specified and SQL has no deterministic rule for rows that share the same ordering key. In the provided database all three clients ‘Leo Wong’, ‘Al Gore\'s Head’ and ‘Zapp Brannigan’ each sent 2 packages (the maximum). The annotated query would return only whichever of these happens to be encountered first, so the answer is incomplete and non-deterministic.","WITH sender_counts AS (   SELECT T2.Name, COUNT(*) AS cnt   FROM Package AS T1   JOIN Client AS T2 ON T1.Sender = T2.AccountNumber   GROUP BY T1.Sender  )  SELECT Name, cnt  FROM sender_counts  WHERE cnt = (SELECT MAX(cnt) FROM sender_counts);"
1883,planet_1,Who received least number of packages ? List client name and number of packages received by that client .,"select t2.name , count(*) from package as t1 join client as t2 on t1.recipient = t2.accountnumber group by t1.recipient order by count(*) limit 1;","The annotated query counts packages per recipient only among rows that exist in the Package table. Clients who have never received a package (count = 0) are therefore excluded, yet they should be considered when searching for the minimum possible number of received packages. In addition, after sorting by the count it applies LIMIT 1, so if several clients share the minimum number it returns an arbitrary single client, whereas the question does not state that only one row should be shown. Finally, t2.Name is selected without being listed in GROUP BY, which relies on SQLite-specific behaviour and is non-standard. Due to these issues the query is not guaranteed to return the correct or complete answer.","SELECT c.Name,   COALESCE(p.cnt,0) AS num_packages  FROM Client c  LEFT JOIN (   SELECT Recipient, COUNT(*) AS cnt   FROM Package   GROUP BY Recipient  ) p ON p.Recipient = c.AccountNumber  WHERE COALESCE(p.cnt,0) = (   SELECT MIN(cnt_all)   FROM (   SELECT COALESCE(p2.cnt,0) AS cnt_all   FROM Client c2   LEFT JOIN (   SELECT Recipient, COUNT(*) AS cnt   FROM Package   GROUP BY Recipient   ) p2 ON p2.Recipient = c2.AccountNumber   )   )  ORDER BY c.Name;"
1884,planet_1,What is the smallest number of packages received and by whom ?,"select t2.name , count(*) from package as t1 join client as t2 on t1.recipient = t2.accountnumber group by t1.recipient order by count(*) limit 1;","The query calculates the package-count per recipient correctly, but it then orders the result ascending and keeps only the first row with LIMIT 1. If several clients share that minimum count, all but one will be discarded, so the answer can be incomplete. Therefore it does not always answer “what is the smallest number … and by whom”. The question naturally expects every client who attains the minimum to be returned, so no ambiguity in intent exists.","WITH cnt AS (   SELECT recipient, COUNT(*) AS num_pkg   FROM Package   GROUP BY recipient  ),  min_cnt AS (   SELECT MIN(num_pkg) AS min_pkg   FROM cnt  )  SELECT c.Name, cnt.num_pkg  FROM cnt  JOIN min_cnt ON cnt.num_pkg = min_cnt.min_pkg  JOIN Client c ON c.AccountNumber = cnt.recipient;"
1885,planet_1,Who sent more than one packages? List the client's name.,"SELECT T2.Name , count(*) FROM PACKAGE AS T1 JOIN Client AS T2 ON T1.Sender = T2.AccountNumber GROUP BY T1.Sender HAVING count(*) > 1;","The question asks only for the client names that have sent more than one package. The annotated query does identify those clients correctly, but it also returns an extra column (the count of packages).",SELECT T2.Name  FROM Package AS T1  JOIN Client AS T2 ON T1.Sender = T2.AccountNumber  GROUP BY T1.Sender  HAVING COUNT(*) > 1;
1886,planet_1,What is the name of all clients who sent more than one package?,"SELECT T2.Name , count(*) FROM PACKAGE AS T1 JOIN Client AS T2 ON T1.Sender = T2.AccountNumber GROUP BY T1.Sender HAVING count(*) > 1;","The question asks only for the client names that have sent more than one package. The annotated query does identify those clients correctly, but it also returns an extra column (the count of packages).",SELECT T2.Name  FROM Package AS T1  JOIN Client AS T2 ON T1.Sender = T2.AccountNumber  GROUP BY T1.Sender  HAVING COUNT(*) > 1;
1900,planet_1,What are the ids for all shipments on the planet Mars that Turanga Leela manages?,"SELECT T1.ShipmentID FROM Shipment AS T1 JOIN Planet AS T2 ON T1.Planet = T2.PlanetID JOIN Employee AS T3 ON T3.EmployeeID = T1.Manager WHERE T2.Name = ""Mars"" OR T3.Name = ""Turanga Leela"";","The shipment table links to Planet and Employee. The intended filter is shipments where Planet.Name = 'Mars' AND Employee.Name = 'Turanga Leela'. The annotated query joins the correct tables but applies the conditions with OR, enlarging the result set beyond the requested set. No other issues (schema usage, duplicates) are present, but the logical operator makes the query incorrect.",SELECT T1.ShipmentID  FROM Shipment AS T1  JOIN Planet AS T2 ON T1.Planet = T2.PlanetID  JOIN Employee AS T3 ON T3.EmployeeID = T1.Manager  WHERE T2.Name = 'Mars' AND T3.Name = 'Turanga Leela';
1901,planet_1,What is the total shipments in each planet? List the planet name and total shipments.,"SELECT T2.Name , count(*) FROM Shipment AS T1 JOIN Planet AS T2 ON T1.Planet = T2.PlanetID GROUP BY T1.Planet;","The query counts shipments only for planets that actually appear in the Shipment table because it uses an INNER JOIN between Shipment and Planet. If the question’s phrase “each planet” is taken literally, planets that never received a shipment should still be listed with a total of 0. Under that interpretation the query is incomplete, so it is not fully correct. If the alternative interpretation (show only planets with shipments) were intended, the query would work, but the wording leaves room for both readings, hence ambiguity.","SELECT p.Name,   COUNT(s.ShipmentID) AS total_shipments  FROM Planet AS p  LEFT JOIN Shipment AS s   ON p.PlanetID = s.Planet  GROUP BY p.PlanetID, p.Name;"
1902,planet_1,How many shipments take place on each planet?,"SELECT T2.Name , count(*) FROM Shipment AS T1 JOIN Planet AS T2 ON T1.Planet = T2.PlanetID GROUP BY T1.Planet;","However, the wording “each planet” could also be interpreted to mean the full list of planets, including those with zero shipments; the current INNER JOIN would then miss such planets. For that interpretation a LEFT JOIN and a safer GROUP BY on the planet table would be required. Because of this dual interpretation, the question is ambiguous.","SELECT P.Name,   COUNT(S.ShipmentID) AS shipment_count  FROM Planet AS P  LEFT JOIN Shipment AS S   ON S.Planet = P.PlanetID  GROUP BY P.PlanetID, P.Name;"
1909,planet_1,Calculate total weight of package shipped in each planet . show the name of each planet .,"select t3.name , sum(t1.weight) from package as t1 join shipment as t2 on t1.shipment = t2.shipmentid join planet as t3 on t2.planet = t3.planetid group by t2.planet;","The query sums Package.Weight after an INNER JOIN that starts from the Package table, therefore it only returns planets that actually have at least one package. The question, however, says “each planet”, which can reasonably be read as *all* planets in the Planet table. Under that literal reading, planets that have never received a shipment (weight = 0) must also appear, so the annotated query would be missing those rows and is therefore not correct.   At the same time, the wording could also be interpreted as “for every planet that has received packages”, in which case the annotated query would be acceptable. This dual interpretation makes the task itself ambiguous.   Apart from the coverage issue, the joins and aggregation in the annotated query follow the schema correctly.","SELECT p.Name,   COALESCE(SUM(pkg.Weight), 0) AS total_weight  FROM Planet AS p  LEFT JOIN Shipment AS s ON s.Planet = p.PlanetID  LEFT JOIN Package AS pkg ON pkg.Shipment = s.ShipmentID  GROUP BY p.PlanetID, p.Name;"
1910,planet_1,"what is the total package weight for each planet, list its name ?","select t3.name , sum(t1.weight) from package as t1 join shipment as t2 on t1.shipment = t2.shipmentid join planet as t3 on t2.planet = t3.planetid group by t2.planet;","""The query sums Package.Weight after an INNER JOIN that starts from the Package table, therefore it only returns planets that actually have at least one package. The question, however, says “each planet”, which can reasonably be read as *all* planets in the Planet table. Under that literal reading, planets that have never received a shipment (weight = 0) must also appear, so the annotated query would be missing those rows and is therefore not correct.   At the same time, the wording could also be interpreted as “for every planet that has received packages”, in which case the annotated query would be acceptable. This dual interpretation makes the task itself ambiguous.   Apart from the coverage issue, the joins and aggregation in the annotated query follow the schema correctly.""","SELECT p.Name,   COALESCE(SUM(pkg.Weight), 0) AS total_weight  FROM Planet AS p  LEFT JOIN Shipment AS s ON s.Planet = p.PlanetID  LEFT JOIN Package AS pkg ON pkg.Shipment = s.ShipmentID  GROUP BY p.PlanetID, p.Name;"
1929,planet_1,Find the number of employees who do not have clearance in Mars .,"select count(*) from employee where employeeid not in ( select t2.employeeid from has_clearance as t1 join employee as t2 on t1.employee = t2.employeeid join planet as t3 on t1.planet = t3.planetid where t3.name = ""mars"" );","The sub-query uses the filter t3.name = ""mars"", but in the data the planet is stored as ""Mars"" (capital M). SQLite string comparison is case-sensitive by default, so the sub-query returns zero rows. As a consequence every employee is treated as lacking clearance and the outer COUNT(*) returns the total number of employees, not the required count of employees who truly lack Mars clearance. Logic and schema usage are otherwise fine; only the case-mismatch (or lack of a case-insensitive comparison) makes the result wrong.",SELECT COUNT(*)  FROM Employee e  WHERE NOT EXISTS (   SELECT 1   FROM Has_Clearance hc   JOIN Planet p ON p.PlanetID = hc.Planet   WHERE hc.Employee = e.EmployeeID   AND p.Name = 'Mars' -- use correct case or COLLATE NOCASE  );
1930,planet_1,What is the number of employees that do not have clearance on Mars ?,"select count(*) from employee where employeeid not in ( select t2.employeeid from has_clearance as t1 join employee as t2 on t1.employee = t2.employeeid join planet as t3 on t1.planet = t3.planetid where t3.name = ""mars"" );","The query tries to count employees whose IDs are not in the list of employees that have clearance for Mars. Logic and table usage are fine, but the string literal used in the filter is ""mars"" (all-lower-case). In the data the planet is stored as ""Mars"" with an upper-case M, and SQLite string comparison is case-sensitive by default. Consequently the subquery returns zero rows, so the NOT IN test passes for every employee and the outer query counts all employees (8) instead of the correct 7.","""SELECT COUNT(*)  FROM Employee e  WHERE NOT EXISTS (   SELECT 1   FROM Has_Clearance hc   JOIN Planet p ON p.PlanetID = hc.Planet   WHERE hc.Employee = e.EmployeeID   AND p.Name = 'Mars' -- use correct case or COLLATE NOCASE  );"""
1935,video_game,What is the average units sold in millions of the games that are not developed by Nintendo?,SELECT avg(Units_sold_Millions) FROM game WHERE developers != 'Nintendo',"The game table contains four distinct Developers values. Three of them include the word “Nintendo”. Only rows with Developers = 'Polyphony Digital' are truly “not developed by Nintendo”. Using != 'Nintendo' leaves mixed-developer rows, inflating the result. Re-running with NOT LIKE '%Nintendo%' returns 11.15, the correct average.",SELECT AVG(Units_sold_Millions)  FROM game  WHERE Developers NOT LIKE '%Nintendo%';
1936,video_game,Return the average number of units sold in millions for games not developed by Nintendo.,SELECT avg(Units_sold_Millions) FROM game WHERE developers != 'Nintendo',"The annotated query filters out only those rows whose Developers value equals exactly 'Nintendo'. In the data the developer column also contains composite strings such as 'Nintendo/GameFreak' and 'Nintendo / GameFreak'. These rows still involve Nintendo and should therefore be excluded, but the annotated query includes them, so the average is computed over an incorrect set of games. Other elements of the query (aggregation, column choice) are fine, but the filter logic is wrong.",SELECT AVG(Units_sold_Millions) FROM game WHERE Developers NOT LIKE '%Nintendo%';
1943,video_game,How many players have rank of the year smaller than 3?,SELECT count(*) FROM player WHERE Rank_of_the_year <= 3,"The player table holds one row per player, so a simple COUNT is appropriate. However, the condition should be Rank_of_the_year < 3. Using <= 3 inflates the count by including rank 3 players, so the annotated query does not answer the question exactly.",SELECT COUNT(*)  FROM player  WHERE Rank_of_the_year < 3;
1968,video_game,What are the titles of games that are played by players from Oklahoma college or Auburn college?,"SELECT T1.Title FROM game AS T1 JOIN game_player AS T2 ON T1.Game_ID = T2.Game_ID JOIN player AS T3 ON T2.Player_ID = T3.Player_ID WHERE T3.College = ""Oklahoma"" INTERSECT SELECT T1.Title FROM game AS T1 JOIN game_player AS T2 ON T1.Game_ID = T2.Game_ID JOIN player AS T3 ON T2.Player_ID = T3.Player_ID WHERE T3.College = ""Auburn""","The required result is all game titles linked through game_player to at least one player whose College is 'Oklahoma' or 'Auburn'. The annotated query forms two separate sets and intersects them, returning only the overlap, which is stricter than needed. A single query with a WHERE … IN ('Oklahoma','Auburn') or a UNION of the two subsets is correct. DISTINCT (or GROUP BY) should be used to suppress duplicates caused by many players per game.","SELECT DISTINCT g.Title  FROM game AS g  JOIN game_player AS gp ON g.Game_ID = gp.Game_ID  JOIN player AS p ON gp.Player_ID = p.Player_ID  WHERE p.College IN ('Oklahoma', 'Auburn');"
1978,book_press,Find the average and maximum yearly profit for each press.,"SELECT avg(Year_Profits_billion) , max(Year_Profits_billion) FROM press","The query returns ONE row containing the overall average and overall maximum Year_Profits_billion across all presses (because there is no GROUP BY). The question, however, says “…for each press”, which implies we should list every press independently. To accomplish that, a GROUP BY (or simply selecting per-press values) is required, e.g. SELECT Press_ID, AVG(Year_Profits_billion), MAX(Year_Profits_billion) FROM press GROUP BY Press_ID;. Therefore the annotated query does not satisfy the wording of the question.","SELECT Press_ID, AVG(Year_Profits_billion) AS avg_year_profit, MAX(Year_Profits_billion) AS max_year_profit  FROM press  GROUP BY Press_ID;"
1993,book_press,Find the titles and publish dates of the top 5 best sale books.,"SELECT title , release_date FROM book ORDER BY sale_amount DESC LIMIT 5","The intent is to rank books by their sales volume. In the schema Sale_Amount is defined as TEXT, so sorting it directly will perform a lexicographical (string) comparison – e.g. the value ‘90’ would be placed ahead of ‘800’, producing an incorrect ranking. The annotated query therefore does not reliably return the true top-5 best-selling books. The logic is otherwise sound (correct columns, table, limit), but the crucial numeric ordering is wrong.","SELECT Title,   Release_date  FROM book  ORDER BY CAST(Sale_Amount AS REAL) DESC  LIMIT 5;"
1994,book_press,What are the 5 best books in terms of sale amount? Give me their titles and release dates.,"SELECT title , release_date FROM book ORDER BY sale_amount DESC LIMIT 5","• In the schema Sale_Amount is declared as TEXT. Lexicographic ordering puts values beginning with larger leading digits first, therefore '714' is considered greater than '1307'.   • The sample execution of the annotated query confirms the incorrect order: books with 700-range sales precede those with 1300-range sales.   • Hence the query does not correctly identify the top-selling books even though it selects the right columns and limits to 5 rows.   • Casting the column to an integer (or storing it as numeric) before ordering fixes the issue.","SELECT Title, Release_date  FROM book  ORDER BY CAST(Sale_Amount AS INTEGER) DESC  LIMIT 5;"
2003,book_press,"Find the title, author name, and publisher name for the top 3 best sales books.","SELECT t1.name , t2.title , t3.name FROM author AS t1 JOIN book AS t2 ON t1.author_id = t2.author_id JOIN press AS t3 ON t2.press_id = t3.press_id ORDER BY t2.sale_amount DESC LIMIT 3","The query joins the correct tables and selects the right columns, but it orders by Sale_Amount while the column is of type TEXT. SQLite therefore performs a lexicographic sort, so values such as '714' are considered larger than '1307'. Consequently the returned rows are not the 3 books with the highest numeric sales; the first two rows in the result are wrong. To be correct the value has to be cast (e.g., CAST(Sale_Amount AS INTEGER)) or the column should be stored as numeric.","SELECT    b.Title, a.Name AS Author_Name,   p.Name AS Publisher_Name  FROM book b  JOIN author a ON a.Author_ID = b.Author_ID  JOIN press p ON p.Press_ID = b.Press_ID  ORDER BY CAST(b.Sale_Amount AS INTEGER) DESC  LIMIT 3;"
2004,book_press,"What are the 3 best selling books? Show their titles, author names, and press names.","SELECT t1.name , t2.title , t3.name FROM author AS t1 JOIN book AS t2 ON t1.author_id = t2.author_id JOIN press AS t3 ON t2.press_id = t3.press_id ORDER BY t2.sale_amount DESC LIMIT 3","The query joins the right tables and limits the result to three rows, but it orders the rows by Sale_Amount, which is declared as TEXT. TEXT is sorted lexicographically, not numerically, so the query can return an incorrect ranking whenever the numbers differ in length (e.g., '9000' would come before '10000', but also before '1000'). Therefore it does not reliably return the three best‐selling books. In addition, the select list starts with the author’s name while the question asks for title first; most evaluators expect the column order to follow the question.","SELECT   b.Title,   a.Name AS Author_Name,   p.Name AS Press_Name  FROM book AS b  JOIN author AS a ON a.Author_ID = b.Author_ID  JOIN press AS p ON p.Press_ID = b.Press_ID  ORDER BY CAST(b.Sale_Amount AS REAL) DESC  LIMIT 3;"
2006,book_press,What are the name and total book sale amount of each press?,"SELECT sum(t1.sale_amount) , t2.name FROM book AS t1 JOIN press AS t2 ON t1.press_id = t2.press_id GROUP BY t1.press_id","The annotated query performs an INNER JOIN between book and press, therefore it returns only those presses that have at least one book. The question asks for the name and total book-sale amount of each press, which implies all 10 presses should be listed, even those without books (total should be 0). In a quick check, only 5 presses were produced by the annotated query, proving it is incomplete. The rest of the logic (SUM, grouping) is otherwise fine, but the missing presses make the result wrong.","SELECT p.Name,   COALESCE(SUM(CAST(b.Sale_Amount AS REAL)),0) AS Total_Sale  FROM press p  LEFT JOIN book b ON b.Press_ID = p.Press_ID  GROUP BY p.Press_ID, p.Name;"
2007,book_press,Find the number of books that are sold more than 1000 for each publisher. List the press name as well.,"SELECT count(*) , t2.name FROM book AS t1 JOIN press AS t2 ON t1.press_id = t2.press_id WHERE sale_amount > 1000 GROUP BY t2.name","Sale_Amount is TEXT. SQLite compares as strings vs numeric literal; '714' > '1000' yields true. Verification showed counts differ when CAST used. Other logic (JOIN, GROUP BY) fine.","SELECT   p.Name,   SUM(CASE WHEN CAST(b.Sale_Amount AS REAL) > 1000 THEN 1 ELSE 0 END) AS num_books_over_1000  FROM press AS p  LEFT JOIN book AS b ON b.Press_ID = p.Press_ID  GROUP BY p.Press_ID, p.Name;"
2008,book_press,"For each press, return its name and the number of books that have sale amount above 1000.","SELECT count(*) , t2.name FROM book AS t1 JOIN press AS t2 ON t1.press_id = t2.press_id WHERE sale_amount > 1000 GROUP BY t2.name","1. Desired output: one row per individual press (uniquely identified by Press_ID) that shows the press’s name and how many of its books have Sale_Amount > 1000; presses with zero such books should normally appear with a count of 0.  2. The annotated query performs an INNER JOIN between book and press and filters in the WHERE clause. Any press that owns no book with Sale_Amount > 1000 is therefore excluded, violating the “for each press” requirement.  3. GROUP BY only t2.Name instead of the primary key. If two presses share the same name their counts are combined, producing incorrect results.  4. Using TEXT column Sale_Amount in a numeric comparison relies on implicit casting; explicit casting is safer.","SELECT   p.Name,   SUM(CASE WHEN CAST(b.Sale_Amount AS REAL) > 1000 THEN 1 ELSE 0 END) AS num_books_over_1000  FROM press AS p  LEFT JOIN book AS b ON b.Press_ID = p.Press_ID  GROUP BY p.Press_ID, p.Name;"
2009,book_press,What is the name of the author of best selling book?,SELECT t1.name FROM author AS t1 JOIN book AS t2 ON t1.author_id = t2.author_id ORDER BY t2.sale_amount DESC LIMIT 1,"The annotated query orders by book.Sale_Amount (a TEXT column) and returns the first row, assuming this is the largest sales figure. In SQLite text is ordered lexicographically, so '9000' sorts before '10000'; the query can therefore pick the wrong book/author. It also discards possible ties (LIMIT 1) and may return duplicate authors if they have several books. Thus it does not reliably answer the question.",SELECT DISTINCT author.Name  FROM author  JOIN book ON author.Author_ID = book.Author_ID  WHERE CAST(book.Sale_Amount AS REAL) = (   SELECT MAX(CAST(Sale_Amount AS REAL)) FROM book);
2010,book_press,Who wrote the best selling book? Give me the author name.,SELECT t1.name FROM author AS t1 JOIN book AS t2 ON t1.author_id = t2.author_id ORDER BY t2.sale_amount DESC LIMIT 1,"The annotated query orders by Sale_Amount, which is defined as TEXT. SQLite therefore performs a string (lexicographical) sort, so values beginning with larger first digits (e.g., '714') are considered larger than longer numeric values that begin with '1' (e.g., '1307'). Consequently the query returns the wrong author. To identify the true best-selling book we must compare the sales numerically, e.g., by casting to INTEGER or using MAX on the cast value. The question itself clearly asks for the author of the highest-selling book, so there is no ambiguity.",SELECT a.Name  FROM author a  JOIN book b ON a.Author_ID = b.Author_ID  WHERE CAST(b.Sale_Amount AS INTEGER) = (SELECT MAX(CAST(Sale_Amount AS INTEGER)) FROM book);
2028,cre_Doc_Workflow,Show all author names and number of documents corresponding to each.,"SELECT author_name , count(*) FROM Documents GROUP BY author_name","The authoritative list of authors is the Authors table. Querying only Documents returns counts for authors that appear there, excluding any author without a document. If the intent is indeed every author, the annotated query is incorrect. Because the wording of the question could reasonably be interpreted either way, the question itself is ambiguous.","SELECT a.author_name, COUNT(d.document_id) AS num_documents  FROM Authors a  LEFT JOIN Documents d ON a.author_name = d.author_name  GROUP BY a.author_name;"
2065,advertising_agencies,Show agency ids and the number of clients for each agency.,"SELECT agency_id , count(*) FROM Clients GROUP BY agency_id","The annotator’s query selects agency_id and COUNT(*) from Clients grouped by agency_id. This returns only those agencies that have at least one client. The question wording “for each agency” implies we must also list agencies that currently have zero clients. Verification queries showed 7 agencies without clients, confirming omission. Therefore the annotated query is incomplete/incorrect.","SELECT a.agency_id,   COUNT(c.client_id) AS num_clients  FROM Agencies a  LEFT JOIN Clients c ON a.agency_id = c.agency_id  GROUP BY a.agency_id;"
2066,advertising_agencies,How many clients does each agency have?,"SELECT agency_id , count(*) FROM Clients GROUP BY agency_id","The request asks for the number of clients for every agency. The annotated query counts clients per agency_id only inside the Clients table, so agencies that have no clients are completely omitted; the earlier verification query shows 7 such agencies in the database. Therefore the annotated query does not answer the question fully. The schema is otherwise respected, but the required LEFT JOIN to Agencies is missing.","SELECT a.agency_id, COUNT(c.client_id) AS client_count  FROM Agencies a  LEFT JOIN Clients c ON a.agency_id = c.agency_id  GROUP BY a.agency_id;"
2087,advertising_agencies,Show all client ids and the number of invoices for each client.,"SELECT client_id , count(*) FROM Invoices GROUP BY client_id","The question asks for “all client ids and the number of invoices for each client.” That implies every client in the Clients table must be present, even those without invoices (count = 0). The annotated query selects exclusively from Invoices, so any client lacking invoices is omitted. Therefore it does not satisfy the specification. All other aspects (aggregation, grouping) are fine but the required LEFT JOIN with Clients is missing.","SELECT c.client_id,   COUNT(i.invoice_id) AS invoice_count  FROM Clients AS c  LEFT JOIN Invoices AS i ON c.client_id = i.client_id  GROUP BY c.client_id;"
2088,advertising_agencies,How many invoices are there for each client id?,"SELECT client_id , count(*) FROM Invoices GROUP BY client_id","Nonetheless, the phrase can also be read as requiring a row for every client in the Clients table, including those with zero invoices. The annotated query omits such clients; a LEFT JOIN from Clients to Invoices would be needed in that interpretation. Because both readings are reasonable, the question is ambiguous even though the supplied query is correct for the narrower reading.","SELECT c.client_id,   COUNT(i.invoice_id) AS invoice_count  FROM Clients c  LEFT JOIN Invoices i ON i.client_id = c.client_id  GROUP BY c.client_id;"
2113,advertising_agencies,Show all invoice ids and the number of payments for each invoice.,"SELECT invoice_id , count(*) FROM Payments GROUP BY invoice_id","The query aggregates only the Payments table, producing results only for invoices that appear there. Any invoice lacking a corresponding row in Payments is omitted, violating the requirement. The correct logic is to start from Invoices, LEFT JOIN Payments, then COUNT the joined payment ids so that invoices without payments yield a count of 0.","SELECT i.invoice_id,   COUNT(p.payment_id) AS payment_count  FROM Invoices AS i  LEFT JOIN Payments AS p ON p.invoice_id = i.invoice_id  GROUP BY i.invoice_id;"
2114,advertising_agencies,How many payments are there for each invoice?,"SELECT invoice_id , count(*) FROM Payments GROUP BY invoice_id","The annotated query groups only the Payments table, therefore it returns a count for invoices that already have at least one payment and omits invoices with none. Because the wording “each invoice” is normally taken to mean every invoice in the Invoices table, the result is incomplete. A LEFT JOIN from Invoices to Payments, counting payment_id and yielding 0 when no rows match, is required. The phrasing of the question itself is ambiguous, since it can also be interpreted as ""only invoices that have at least one payment."" Thus the current SQL is not fully correct and the task statement is open to two reasonable interpretations.","SELECT i.invoice_id,   COUNT(p.payment_id) AS payment_count  FROM Invoices i  LEFT JOIN Payments p ON i.invoice_id = p.invoice_id  GROUP BY i.invoice_id;"
2119,advertising_agencies,Show the agency ids and the number of staff in each agent?,"SELECT agency_id , count(*) FROM Staff GROUP BY agency_id","The query counts rows in Staff grouped by agency_id. It therefore returns only those agencies that currently have at least one staff member. The question, however, can naturally be interpreted as “for every agency that exists, show how many staff (possibly zero) it has.” Under that interpretation, the query is incomplete because it omits agencies with zero staff. Since the wording does not clearly state whether such agencies should be included, the intent is ambiguous: one plausible reading expects all agencies, another expects only agencies with staff. Because of this ambiguity the query cannot be declared correct, and a safer formulation would start from Agencies and LEFT JOIN to Staff.",""" SELECT a.agency_id,   COUNT(s.staff_id) AS staff_count  FROM Agencies AS a  LEFT JOIN Staff AS s   ON a.agency_id = s.agency_id  GROUP BY a.agency_id;"""
2120,advertising_agencies,Return the agency ids and number of staff in each.,"SELECT agency_id , count(*) FROM Staff GROUP BY agency_id","The query counts rows in Staff grouped by agency_id. It therefore returns only those agencies that currently have at least one staff member. The question, however, can naturally be interpreted as “for every agency that exists, show how many staff (possibly zero) it has.” Under that interpretation, the query is incomplete because it omits agencies with zero staff. Since the wording does not clearly state whether such agencies should be included, the intent is ambiguous: one plausible reading expects all agencies, another expects only agencies with staff. Because of this ambiguity the query cannot be declared correct, and a safer formulation would start from Agencies and LEFT JOIN to Staff.","SELECT a.agency_id,   COUNT(s.staff_id) AS staff_count  FROM Agencies AS a  LEFT JOIN Staff AS s   ON a.agency_id = s.agency_id  GROUP BY a.agency_id;"
2125,advertising_agencies,List the client ids and the number of meeting for each client.,"SELECT client_id , count(*) FROM Meetings GROUP BY client_id","• The annotated query selects from Meetings only and groups by client_id, so it returns counts only for clients who appear in that table (i.e., clients with ≥1 meeting).   • If the intended answer must cover every client in the database, showing 0 when no meetings exist, the query is incomplete; it should start from Clients and LEFT JOIN to Meetings.   • If the question instead means “each client that has had a meeting,” then the query would be sufficient. Because both interpretations are reasonable, the question itself is ambiguous.   • Apart from the omission, the query’s syntax and grouping are valid for the limited scope it actually covers.","SELECT c.client_id,   COALESCE(COUNT(m.meeting_id), 0) AS num_meetings  FROM Clients AS c  LEFT JOIN Meetings AS m   ON c.client_id = m.client_id  GROUP BY c.client_id;"
2126,advertising_agencies,How many meetings are there for each client id?,"SELECT client_id , count(*) FROM Meetings GROUP BY client_id","However, clients that exist in the Clients table but have zero meetings would be absent from the result set, so the answer depends on how the question is read.","SELECT c.client_id, COUNT(m.meeting_id) AS meeting_cnt  FROM Clients c  LEFT JOIN Meetings m USING (client_id)  GROUP BY c.client_id;"
2131,advertising_agencies,Show the meeting ids and the number of staff in each meeting.,"SELECT meeting_id , count(*) FROM Staff_in_meetings GROUP BY meeting_id","The provided query aggregates the Staff_in_Meetings table, so it only returns meetings that actually have at least one staff-to-meeting link. The question states “the number of staff in each meeting”, which implies every meeting in the Meetings table should appear, even those with 0 staff. A test on the data shows 5 meetings that lack any entry in Staff_in_Meetings; the annotated query omits them, so the result set is incomplete and therefore incorrect. The schema is otherwise used correctly, but the required left join to include zero-count meetings is missing.","SELECT m.meeting_id, COUNT(sim.staff_id) AS staff_count  FROM Meetings m  LEFT JOIN Staff_in_Meetings sim ON m.meeting_id = sim.meeting_id  GROUP BY m.meeting_id"
2132,advertising_agencies,Count the number of staff in each meeting by meeting id.,"SELECT meeting_id , count(*) FROM Staff_in_meetings GROUP BY meeting_id","The provided query aggregates the Staff_in_Meetings table, so it only returns meetings that actually have at least one staff-to-meeting link. The question states “the number of staff in each meeting”, which implies every meeting in the Meetings table should appear, even those with 0 staff. A test on the data shows 5 meetings that lack any entry in Staff_in_Meetings; the annotated query omits them, so the result set is incomplete and therefore incorrect. The schema is otherwise used correctly, but the required left join to include zero-count meetings is missing.","SELECT m.meeting_id, COUNT(sim.staff_id) AS staff_count  FROM Meetings m  LEFT JOIN Staff_in_Meetings sim ON m.meeting_id = sim.meeting_id  GROUP BY m.meeting_id"
2133,advertising_agencies,Show the staff id and the number of meetings attended by the staff who attended some meeting but had the lowest attendance.,"SELECT staff_id , count(*) FROM Staff_in_meetings GROUP BY staff_id ORDER BY count(*) ASC LIMIT 1;","The query counts meetings per staff_id, then ORDER BY … LIMIT 1. LIMIT 1 arbitrarily keeps just the first row; if multiple staff have the same minimum count the result is incomplete. The grouping itself is fine and implicitly enforces “attended some meeting” (count > 0), but handling of ties is wrong. A correct approach must first find the minimum count and then return all staff with that count.","WITH cnt AS (   SELECT staff_id, COUNT(*) AS meetings_attended   FROM Staff_in_Meetings   GROUP BY staff_id  )  SELECT staff_id, meetings_attended  FROM cnt  WHERE meetings_attended = (SELECT MIN(meetings_attended) FROM cnt);"
2134,advertising_agencies,What is the staff id of the staff who attended the least meetings but attended some meeting?,"SELECT staff_id , count(*) FROM Staff_in_meetings GROUP BY staff_id ORDER BY count(*) ASC LIMIT 1;","The annotated query counts meetings per staff correctly and orders ascending, so it identifies one staff member with the minimum (non-zero) attendance. However, it returns two columns while the question asks only for the staff id, and with LIMIT 1 it arbitrarily chooses one id when several staff may be tied for the minimum. Because the question does not specify a tie-breaking rule, multiple valid answers exist, making the requirement ambiguous and the query mis-aligned with it.",SELECT staff_id  FROM Staff_in_Meetings  GROUP BY staff_id  HAVING COUNT(*) = (   SELECT MIN(cnt)   FROM (   SELECT COUNT(*) AS cnt   FROM Staff_in_Meetings   GROUP BY staff_id   )  );
2141,advertising_agencies,What are the ids and details of the staff who have attended at least 1 meetings and have the detail with letter 's'?,"SELECT staff_id , staff_details FROM staff WHERE staff_details LIKE ""%s%"" GROUP BY staff_id HAVING count(*) >= 1","The requirement “attended at least 1 meeting” is satisfied only when a staff_id appears in Staff_in_Meetings (or via Meetings). The annotated query selects from Staff only and uses GROUP BY/HAVING COUNT(*) >=1, which is always true for each row; therefore it does not enforce the attendance condition. Test queries show it returns staff_id 14 “Marques”, who has zero meetings, proving the error. A correct query must join (or use EXISTS) with Staff_in_Meetings and may use DISTINCT to avoid duplicates.","SELECT DISTINCT s.staff_id,   s.staff_details  FROM Staff AS s  JOIN Staff_in_Meetings AS sm   ON s.staff_id = sm.staff_id  WHERE s.staff_details LIKE '%s%';"
2142,advertising_agencies,Return the ids and details of staff who have attended at least 1 meeting and have an s in their staff details?,"SELECT staff_id , staff_details FROM staff WHERE staff_details LIKE ""%s%"" GROUP BY staff_id HAVING count(*) >= 1","The only way to confirm meeting attendance is via the Staff_in_Meetings table (or a join to Meetings). The annotated query references only Staff, so any staff member whose details contain an “s” will be returned even if they never appeared in Staff_in_Meetings. GROUP BY / HAVING is also unnecessary because staff_id is unique, so COUNT(*) is always 1. Hence the query is logically incorrect.","SELECT s.staff_id, s.staff_details  FROM Staff AS s  WHERE s.staff_details LIKE '%s%'   AND EXISTS (   SELECT 1   FROM Staff_in_Meetings AS sim   WHERE sim.staff_id = s.staff_id   );"
2145,advertising_agencies,"List the start time, end time of each meeting, and the corresponding client detail and staff detail.","SELECT T1.start_date_time , T1.end_date_time , T2.client_details , T4.staff_details FROM meetings AS T1 JOIN clients AS T2 ON T1.client_id = T2.client_id JOIN staff_in_meetings AS T3 ON T1.meeting_id = T3.meeting_id JOIN staff AS T4 ON T3.staff_id = T4.staff_id","The question asks for the start-time, end-time, client detail and staff detail of **each meeting**. The database holds 15 meetings, but only 10 have a row in Staff_in_Meetings. Because the annotated query chains INNER JOINs through Staff_in_Meetings and Staff, it silently discards the 5 meetings that have no staff and therefore does **not** cover every meeting requested. Consequently the query is logically incomplete.     Whether meetings without staff should appear (with NULL staff values) or be omitted is not explicitly stated, so the requirement can be read in two different ways, which makes the question itself ambiguous. If the intention is indeed to list every meeting, LEFT JOINs to the staff tables are required; if the intention is only “meetings that actually have staff”, then the current query would be acceptable.","SELECT m.start_date_time,   m.end_date_time,   c.client_details,   s.staff_details  FROM Meetings AS m  JOIN Clients AS c ON m.client_id = c.client_id  LEFT JOIN Staff_in_Meetings AS sm ON m.meeting_id = sm.meeting_id  LEFT JOIN Staff AS s ON sm.staff_id = s.staff_id;"
2146,advertising_agencies,"What are the start and end times of each meeting, as well as the corresponding client and staff details the attendees?","SELECT T1.start_date_time , T1.end_date_time , T2.client_details , T4.staff_details FROM meetings AS T1 JOIN clients AS T2 ON T1.client_id = T2.client_id JOIN staff_in_meetings AS T3 ON T1.meeting_id = T3.meeting_id JOIN staff AS T4 ON T3.staff_id = T4.staff_id","The question asks for the start-time, end-time, client detail and staff detail of **each meeting**. The database holds 15 meetings, but only 10 have a row in Staff_in_Meetings. Because the annotated query chains INNER JOINs through Staff_in_Meetings and Staff, it silently discards the 5 meetings that have no staff and therefore does **not** cover every meeting requested. Consequently the query is logically incomplete.     Whether meetings without staff should appear (with NULL staff values) or be omitted is not explicitly stated, so the requirement can be read in two different ways, which makes the question itself ambiguous. If the intention is indeed to list every meeting, LEFT JOINs to the staff tables are required; if the intention is only “meetings that actually have staff”, then the current query would be acceptable.","SELECT m.start_date_time,   m.end_date_time,   c.client_details,   s.staff_details  FROM Meetings AS m  JOIN Clients AS c ON m.client_id = c.client_id  LEFT JOIN Staff_in_Meetings AS sm ON m.meeting_id = sm.meeting_id  LEFT JOIN Staff AS s ON sm.staff_id = s.staff_id;"
